secs,alt,distance,lat,lon
0,79.5,0.0,51.674994,-1.464381
1,79.4,11.0,51.674951,-1.464222
2,79.4,22.7,51.674912,-1.464049
3,79.3,34.9,51.674874,-1.463868
4,79.3,47.3,51.674839,-1.463688
5,79.0,60.1,51.674806,-1.463499
6,78.8,73.2,51.674776,-1.463311
7,78.6,86.7,51.67475,-1.463115
8,78.3,100.4,51.674724,-1.462908
9,78.3,114.3,51.674695,-1.462704
10,78.2,128.5,51.674666,-1.462494
11,78.1,142.9,51.674639,-1.462283
12,78.1,157.5,51.674612,-1.462074
13,78.0,172.3,51.674585,-1.461865
14,78.0,187.3,51.674556,-1.461644
15,77.9,202.5,51.674527,-1.461426
16,77.9,217.9,51.674499,-1.461195
17,77.9,233.3,51.674474,-1.460969
18,77.8,248.7,51.674444,-1.460733
19,77.8,264.1,51.674423,-1.460505
20,77.6,279.6,51.674402,-1.460277
21,77.3,295.1,51.674379,-1.460053
22,77.0,310.6,51.674358,-1.459826
23,76.7,326.1,51.674338,-1.459596
24,76.7,341.6,51.674323,-1.459365
25,76.7,357.0,51.674311,-1.459145
26,76.7,372.4,51.674296,-1.458912
27,76.6,387.9,51.674286,-1.45869
28,76.6,403.4,51.674281,-1.458473
29,76.6,418.8,51.674283,-1.458248
30,76.6,434.1,51.67429,-1.458021
31,76.7,449.2,51.674304,-1.457805
32,76.8,464.3,51.674322,-1.457584
33,76.9,479.2,51.674342,-1.457373
34,77.0,494.2,51.674371,-1.45716
35,77.0,508.9,51.674402,-1.456949
36,77.1,523.6,51.674432,-1.456746
37,77.1,538.2,51.674465,-1.456542
38,77.1,552.7,51.6745,-1.456337
39,77.2,567.4,51.674537,-1.45613
40,77.4,582.0,51.674575,-1.455924
41,77.6,596.8,51.674612,-1.455725
42,77.9,611.5,51.674649,-1.45552
43,78.3,626.3,51.674686,-1.455312
44,78.8,641.1,51.674725,-1.455104
45,79.3,655.8,51.674761,-1.454894
46,79.7,670.7,51.674798,-1.454697
47,80.0,685.4,51.674835,-1.454497
48,80.1,700.1,51.674871,-1.454302
49,80.2,714.8,51.674911,-1.454106
50,80.4,729.5,51.67495,-1.453906
51,80.5,744.3,51.674988,-1.453711
52,80.7,758.9,51.675031,-1.453502
53,80.9,773.7,51.675073,-1.453301
54,81.1,788.5,51.675118,-1.453101
55,81.4,803.2,51.67516,-1.452905
56,81.5,818.0,51.675204,-1.452697
57,81.6,832.8,51.675247,-1.452502
58,81.7,847.6,51.675289,-1.452307
59,81.8,862.3,51.675335,-1.452107
60,82.1,877.1,51.675379,-1.451907
61,82.5,891.8,51.675422,-1.451712
62,82.7,906.7,51.675467,-1.451513
63,83.0,921.6,51.675515,-1.45131
64,83.2,936.6,51.675566,-1.451107
65,83.2,951.7,51.675619,-1.450906
66,83.3,966.9,51.67567,-1.450703
67,83.4,982.2,51.675721,-1.450503
68,83.4,997.5,51.675773,-1.450296
69,83.5,1012.9,51.675822,-1.450097
70,83.6,1028.3,51.675877,-1.44989
71,83.6,1043.7,51.675932,-1.449686
72,83.7,1059.1,51.675989,-1.44948
73,83.8,1074.6,51.676043,-1.449283
74,83.8,1090.0,51.676097,-1.449079
75,83.9,1105.4,51.676151,-1.448866
76,84.0,1120.8,51.676205,-1.448664
77,84.0,1136.3,51.676262,-1.448451
78,84.1,1151.8,51.676316,-1.44825
79,84.2,1167.2,51.676375,-1.448052
80,84.2,1182.6,51.676438,-1.447845
81,84.2,1197.9,51.676498,-1.447648
82,84.2,1213.3,51.676557,-1.447453
83,84.1,1228.6,51.676615,-1.447254
84,84.0,1243.8,51.676676,-1.447058
85,83.7,1259.1,51.676732,-1.446868
86,83.5,1274.4,51.676794,-1.446664
87,83.3,1289.7,51.676854,-1.44647
88,83.0,1305.1,51.676917,-1.446277
89,83.0,1320.5,51.676985,-1.446074
90,83.0,1336.1,51.677051,-1.445874
91,83.0,1351.7,51.677117,-1.445678
92,83.1,1367.5,51.67719,-1.445475
93,83.0,1383.4,51.677267,-1.445269
94,82.9,1399.4,51.677341,-1.445073
95,82.7,1415.5,51.677414,-1.444867
96,82.6,1431.7,51.677486,-1.44467
97,82.7,1448.0,51.677561,-1.444468
98,83.1,1464.4,51.677639,-1.444263
99,83.4,1480.8,51.677717,-1.444058
100,83.7,1497.3,51.677785,-1.443865
101,84.2,1514.0,51.677867,-1.44366
102,84.7,1530.5,51.677946,-1.443461
103,85.2,1547.0,51.678023,-1.443258
104,85.5,1563.5,51.6781,-1.443055
105,85.7,1580.1,51.678175,-1.442858
106,85.7,1596.8,51.678256,-1.442656
107,85.8,1613.5,51.678338,-1.442457
108,85.9,1630.4,51.67842,-1.442253
109,86.0,1647.2,51.678498,-1.44206
110,86.3,1664.0,51.678579,-1.441852
111,86.5,1681.0,51.678658,-1.441656
112,86.8,1698.0,51.678747,-1.441445
113,87.2,1715.1,51.678835,-1.441231
114,87.3,1732.3,51.678919,-1.441026
115,87.3,1749.5,51.678999,-1.440826
116,87.2,1766.8,51.679084,-1.440628
117,87.0,1784.0,51.679178,-1.440425
118,86.6,1801.4,51.67927,-1.44023
119,86.2,1818.7,51.679372,-1.440013
120,85.6,1836.3,51.679462,-1.439809
121,85.1,1853.8,51.679559,-1.439609
122,85.2,1871.3,51.679655,-1.439402
123,85.4,1888.9,51.679747,-1.439199
124,85.5,1906.6,51.679841,-1.439007
125,85.5,1924.1,51.679942,-1.438808
126,85.3,1941.6,51.680039,-1.438613
127,85.0,1959.2,51.680133,-1.43842
128,84.6,1976.7,51.680231,-1.438214
129,84.2,1994.1,51.680323,-1.438016
130,83.9,2011.5,51.680416,-1.437816
131,83.7,2028.9,51.680504,-1.437612
132,83.6,2046.3,51.680587,-1.437409
133,83.5,2063.8,51.680677,-1.437201
134,83.3,2081.1,51.680768,-1.436992
135,83.0,2098.6,51.680853,-1.43679
136,82.7,2115.9,51.680938,-1.436587
137,82.3,2133.1,51.681025,-1.436381
138,81.9,2150.3,51.681102,-1.436167
139,81.6,2167.5,51.681176,-1.435945
140,81.4,2184.7,51.681249,-1.435729
141,81.1,2201.8,51.681325,-1.43551
142,80.9,2218.9,51.681399,-1.435302
143,80.6,2235.8,51.681468,-1.435094
144,80.4,2252.7,51.681541,-1.434883
145,80.1,2269.5,51.681616,-1.434679
146,80.0,2286.3,51.681704,-1.434475
147,80.0,2303.1,51.681782,-1.434271
148,80.0,2319.9,51.681854,-1.434054
149,80.0,2336.8,51.681923,-1.433838
150,79.9,2353.7,51.681994,-1.43362
151,79.6,2370.5,51.68206,-1.433403
152,79.4,2387.2,51.682126,-1.433181
153,79.3,2403.9,51.68219,-1.432964
154,79.6,2420.6,51.682252,-1.432734
155,79.9,2437.3,51.682313,-1.432516
156,80.2,2454.0,51.682373,-1.432295
157,80.4,2470.6,51.682432,-1.432072
158,80.6,2487.2,51.682483,-1.43186
159,80.8,2503.8,51.682537,-1.431634
160,80.9,2520.3,51.682593,-1.431412
161,81.0,2536.7,51.682648,-1.43119
162,81.0,2553.1,51.682698,-1.430963
163,81.0,2569.6,51.682747,-1.430735
164,81.0,2586.2,51.682796,-1.43051
165,81.0,2602.8,51.682845,-1.430283
166,81.0,2619.4,51.682893,-1.430052
167,81.0,2635.7,51.682942,-1.429838
168,81.1,2652.0,51.682986,-1.42961
169,81.1,2668.2,51.683029,-1.429387
170,81.2,2684.3,51.683067,-1.429162
171,81.2,2700.4,51.683108,-1.428947
172,81.3,2716.5,51.683154,-1.428735
173,81.3,2732.5,51.683193,-1.428524
174,81.4,2748.3,51.683231,-1.428307
175,81.4,2764.0,51.68327,-1.42809
176,81.5,2779.9,51.68331,-1.427883
177,81.7,2795.7,51.683347,-1.427659
178,81.8,2811.5,51.683379,-1.427431
179,81.9,2827.1,51.683407,-1.427202
180,82.0,2842.8,51.683434,-1.426988
181,82.1,2858.6,51.683466,-1.426775
182,82.2,2874.5,51.683501,-1.426567
183,82.2,2890.4,51.68353,-1.426344
184,82.2,2906.3,51.683559,-1.426126
185,82.2,2922.4,51.683588,-1.425896
186,82.2,2938.3,51.683616,-1.425684
187,82.1,2954.2,51.683653,-1.425468
188,82.3,2970.2,51.683686,-1.425246
189,82.5,2986.2,51.68372,-1.425033
190,82.7,3002.1,51.683751,-1.424816
191,83.0,3018.0,51.683781,-1.424588
192,83.1,3033.9,51.683811,-1.424373
193,83.1,3049.9,51.683843,-1.424153
194,83.1,3065.8,51.68387,-1.423929
195,83.2,3081.8,51.683902,-1.423707
196,83.5,3097.8,51.683932,-1.423487
197,83.7,3113.8,51.68396,-1.423265
198,83.9,3129.8,51.68399,-1.423043
199,83.9,3145.7,51.684018,-1.422825
200,83.7,3161.5,51.684046,-1.422589
201,83.6,3177.5,51.684074,-1.422369
202,83.5,3193.3,51.684105,-1.422154
203,83.4,3209.2,51.684132,-1.421932
204,83.3,3225.1,51.684159,-1.421709
205,83.2,3241.0,51.684187,-1.421484
206,83.1,3256.9,51.684215,-1.42126
207,83.2,3273.0,51.684245,-1.421046
208,83.3,3288.9,51.684274,-1.420822
209,83.3,3304.8,51.684303,-1.4206
210,83.4,3320.6,51.684332,-1.420378
211,83.5,3336.5,51.68436,-1.420155
212,83.7,3352.4,51.684388,-1.419934
213,83.8,3368.2,51.684413,-1.419707
214,83.8,3384.2,51.684438,-1.419482
215,83.9,3400.1,51.684462,-1.419255
216,84.0,3416.0,51.684488,-1.419029
217,84.0,3431.8,51.684515,-1.418801
218,83.8,3447.7,51.68454,-1.418583
219,83.5,3463.8,51.684568,-1.418359
220,83.2,3479.6,51.684594,-1.418144
221,82.9,3495.5,51.68462,-1.417917
222,82.8,3511.3,51.684646,-1.417688
223,82.8,3527.2,51.684672,-1.417462
224,82.7,3543.0,51.684694,-1.417248
225,82.7,3558.8,51.684718,-1.417027
226,83.0,3574.6,51.684741,-1.416804
227,83.2,3590.3,51.684766,-1.416574
228,83.4,3605.9,51.68479,-1.416357
229,83.3,3621.3,51.684816,-1.41613
230,83.1,3636.8,51.684842,-1.415909
231,82.9,3652.2,51.684867,-1.415692
232,82.7,3667.5,51.684892,-1.415467
233,82.4,3682.8,51.684915,-1.415257
234,82.0,3698.1,51.684941,-1.415034
235,81.8,3713.4,51.684966,-1.414819
236,81.5,3728.8,51.68499,-1.414598
237,81.4,3744.1,51.685011,-1.414379
238,81.3,3759.3,51.685032,-1.414159
239,81.1,3774.5,51.685054,-1.413947
240,81.0,3789.4,51.685078,-1.413742
241,80.7,3804.2,51.685098,-1.413536
242,80.5,3818.2,51.685116,-1.413344
243,80.3,3831.1,51.685132,-1.413177
244,80.1,3842.3,51.685151,-1.413029
245,80.0,3852.9,51.685174,-1.41289
246,80.0,3863.0,51.685209,-1.412761
247,80.0,3872.0,51.68525,-1.412645
248,80.0,3881.4,51.685311,-1.412542
249,80.0,3891.1,51.685366,-1.412435
250,80.0,3900.8,51.685409,-1.412313
251,80.0,3910.8,51.685443,-1.412181
252,80.0,3921.4,51.68546,-1.412042
253,80.0,3932.9,51.685466,-1.411889
254,80.0,3944.7,51.685447,-1.411739
255,80.0,3956.9,51.685406,-1.41158
256,80.1,3969.6,51.68535,-1.411405
257,80.1,3982.5,51.685306,-1.411228
258,80.2,3995.5,51.685242,-1.411044
259,80.2,4008.8,51.685217,-1.410844
260,80.3,4022.3,51.6852,-1.41065
261,80.3,4035.9,51.685186,-1.410446
262,80.3,4049.6,51.685176,-1.410254
263,80.3,4063.7,51.685165,-1.410047
264,80.3,4077.9,51.685155,-1.409844
265,80.3,4092.5,51.685146,-1.409632
266,80.3,4107.2,51.685138,-1.409418
267,80.3,4122.2,51.685131,-1.409202
268,80.4,4137.3,51.68512,-1.408987
269,80.4,4152.5,51.685111,-1.408765
270,80.5,4167.7,51.685102,-1.408545
271,80.7,4182.8,51.685092,-1.408322
272,80.9,4198.1,51.685083,-1.408099
273,81.0,4213.4,51.685073,-1.407881
274,81.0,4228.8,51.685063,-1.40765
275,81.0,4244.3,51.685054,-1.407423
276,81.0,4259.9,51.685046,-1.407194
277,81.1,4275.5,51.685037,-1.406969
278,81.2,4291.2,51.685028,-1.406735
279,81.3,4307.0,51.685017,-1.4065
280,81.5,4322.8,51.685007,-1.40627
281,81.5,4338.8,51.684999,-1.406037
282,81.5,4354.7,51.684992,-1.405811
283,81.5,4370.8,51.684985,-1.405585
284,81.6,4386.9,51.684977,-1.405353
285,81.7,4402.9,51.684971,-1.405126
286,81.8,4418.9,51.684964,-1.404894
287,82.0,4434.9,51.684958,-1.404672
288,82.0,4451.0,51.684949,-1.404433
289,82.0,4467.2,51.68494,-1.404206
290,82.0,4483.5,51.684929,-1.403969
291,82.0,4499.8,51.684919,-1.40374
292,81.7,4516.1,51.684907,-1.403498
293,81.4,4532.3,51.684895,-1.403262
294,81.1,4548.4,51.684884,-1.403032
295,81.0,4564.4,51.684875,-1.402789
296,81.0,4580.5,51.684866,-1.402558
297,81.0,4596.6,51.684857,-1.402328
298,81.0,4612.7,51.684848,-1.402096
299,81.2,4628.9,51.684838,-1.401865
300,81.4,4645.0,51.68483,-1.401626
301,81.6,4661.1,51.684822,-1.401397
302,81.7,4677.2,51.684813,-1.401165
303,81.7,4693.3,51.684805,-1.400933
304,81.7,4709.4,51.684796,-1.400698
305,81.8,4725.3,51.684785,-1.400475
306,81.8,4741.2,51.684775,-1.400238
307,81.8,4757.2,51.684765,-1.400008
308,81.8,4773.0,51.684756,-1.399788
309,81.8,4788.8,51.684748,-1.39956
310,81.8,4804.6,51.684739,-1.399335
311,81.8,4820.3,51.68473,-1.39911
312,81.8,4836.0,51.684722,-1.398891
313,81.8,4851.7,51.684714,-1.398667
314,81.6,4867.3,51.684706,-1.398438
315,81.4,4883.0,51.684695,-1.398219
316,81.2,4898.7,51.684681,-1.397992
317,81.1,4914.5,51.684666,-1.397763
318,81.1,4930.3,51.684653,-1.397537
319,81.1,4946.1,51.684641,-1.397314
320,81.1,4962.0,51.684628,-1.397083
321,80.8,4977.9,51.684616,-1.396857
322,80.5,4993.7,51.684605,-1.396633
323,80.2,5009.6,51.684594,-1.396415
324,80.0,5025.4,51.684584,-1.396196
325,80.0,5041.2,51.684575,-1.39597
326,80.0,5057.2,51.684564,-1.395732
327,79.9,5073.2,51.684555,-1.395509
328,79.7,5089.2,51.684545,-1.395271
329,79.4,5105.3,51.684535,-1.395041
330,79.1,5121.4,51.684528,-1.394814
331,78.9,5137.5,51.684521,-1.394572
332,78.8,5153.7,51.684515,-1.394338
333,78.8,5170.0,51.684511,-1.394104
334,78.8,5186.6,51.684509,-1.393857
335,78.7,5203.2,51.68451,-1.393616
336,78.4,5219.8,51.684511,-1.393374
337,78.2,5236.3,51.684517,-1.393128
338,77.9,5253.0,51.684522,-1.392891
339,77.9,5269.9,51.684525,-1.392649
340,77.9,5286.7,51.684532,-1.392405
341,77.9,5303.6,51.684541,-1.392162
342,78.1,5320.6,51.684551,-1.391918
343,78.4,5337.6,51.684566,-1.391671
344,78.8,5354.8,51.684585,-1.391425
345,78.9,5372.1,51.684605,-1.391182
346,78.6,5389.5,51.684623,-1.390929
347,78.4,5407.1,51.684642,-1.390677
348,78.1,5424.8,51.684663,-1.390422
349,77.6,5442.8,51.684687,-1.390175
350,77.2,5460.7,51.684713,-1.389921
351,76.7,5478.8,51.684743,-1.38966
352,76.6,5497.0,51.684776,-1.389406
353,76.7,5515.3,51.684809,-1.389148
354,76.7,5533.5,51.684841,-1.388901
355,76.6,5551.6,51.684873,-1.388639
356,76.3,5569.8,51.68491,-1.388383
357,76.1,5588.0,51.684948,-1.388121
358,75.9,5606.3,51.684989,-1.387873
359,75.7,5624.4,51.685032,-1.387627
360,75.5,5642.6,51.685073,-1.387383
361,75.3,5660.9,51.685117,-1.387126
362,75.1,5679.0,51.685162,-1.386878
363,75.0,5697.2,51.685209,-1.386626
364,74.8,5715.4,51.685258,-1.386381
365,74.5,5733.6,51.685309,-1.386134
366,74.0,5751.8,51.685361,-1.385892
367,73.6,5769.7,51.685414,-1.38565
368,73.1,5787.4,51.685467,-1.38542
369,72.6,5804.9,51.685521,-1.385186
370,72.2,5822.3,51.685577,-1.384955
371,71.8,5839.6,51.685632,-1.384737
372,71.7,5856.7,51.685689,-1.3845
373,72.0,5873.8,51.685749,-1.384285
374,72.3,5890.8,51.685809,-1.384063
375,72.5,5907.8,51.685868,-1.383848
376,72.8,5924.9,51.685932,-1.383629
377,73.2,5941.9,51.685998,-1.383406
378,73.6,5958.9,51.686065,-1.38319
379,73.9,5975.8,51.686131,-1.382979
380,74.0,5992.7,51.6862,-1.38276
381,74.0,6009.5,51.686265,-1.382548
382,74.0,6026.4,51.686335,-1.382335
383,74.0,6043.3,51.68641,-1.382118
384,74.2,6060.2,51.686483,-1.381909
385,74.5,6077.2,51.686554,-1.3817
386,74.7,6094.0,51.686628,-1.38148
387,75.0,6111.0,51.686699,-1.381262
388,75.2,6127.9,51.686767,-1.381046
389,75.5,6144.7,51.686841,-1.380828
390,75.8,6161.5,51.68691,-1.380615
391,76.0,6178.3,51.686979,-1.380405
392,76.3,6195.0,51.687049,-1.380197
393,76.5,6211.7,51.687115,-1.379987
394,76.8,6228.5,51.687188,-1.379762
395,77.0,6245.2,51.687258,-1.379549
396,77.3,6262.0,51.687324,-1.379337
397,77.6,6278.8,51.68739,-1.379123
398,77.8,6295.6,51.687457,-1.378906
399,78.1,6312.4,51.687523,-1.378686
400,78.5,6329.1,51.687594,-1.378468
401,79.0,6345.9,51.687666,-1.378254
402,79.5,6362.6,51.687734,-1.378048
403,79.9,6379.2,51.687803,-1.377838
404,80.0,6395.7,51.687874,-1.377625
405,79.9,6412.2,51.687943,-1.377418
406,79.8,6428.7,51.688011,-1.37721
407,79.7,6445.0,51.688078,-1.377002
408,79.8,6461.4,51.688146,-1.376793
409,79.9,6477.6,51.688211,-1.376588
410,80.0,6493.6,51.688284,-1.376382
411,80.0,6509.5,51.688349,-1.376184
412,79.8,6525.2,51.688419,-1.375977
413,79.6,6540.7,51.688482,-1.375785
414,79.5,6556.0,51.688548,-1.375587
415,79.3,6571.3,51.688611,-1.375395
416,79.2,6586.4,51.68867,-1.375205
417,79.0,6601.3,51.688731,-1.375013
418,79.0,6616.2,51.68879,-1.374818
419,79.0,6631.1,51.688849,-1.374631
420,79.2,6645.8,51.68891,-1.374442
421,79.4,6660.4,51.68892,-1.37421
422,79.7,6675.0,51.688985,-1.374026
423,79.9,6689.7,51.689049,-1.373844
424,80.1,6704.2,51.689112,-1.373665
425,80.3,6718.8,51.689181,-1.373472
426,80.5,6733.4,51.689243,-1.373295
427,80.8,6747.9,51.689308,-1.373113
428,81.0,6762.4,51.689371,-1.372933
429,80.8,6777.0,51.689433,-1.372758
430,80.6,6791.4,51.689495,-1.372583
431,80.4,6805.8,51.689554,-1.372414
432,80.1,6820.1,51.689615,-1.372243
433,79.8,6834.3,51.689678,-1.372064
434,79.5,6848.6,51.689739,-1.37189
435,79.2,6862.9,51.689805,-1.371719
436,79.0,6877.3,51.689877,-1.371537
437,79.0,6891.5,51.689944,-1.371365
438,79.0,6905.7,51.690012,-1.371194
439,79.0,6919.8,51.690078,-1.371024
440,79.0,6934.1,51.690144,-1.370857
441,79.0,6948.2,51.690212,-1.370683
442,78.9,6962.3,51.690284,-1.370501
443,78.8,6976.4,51.690356,-1.370338
444,78.7,6990.4,51.690431,-1.370168
445,78.8,7004.4,51.690504,-1.370001
446,78.7,7018.3,51.690577,-1.369837
447,78.7,7032.4,51.69065,-1.369671
448,78.7,7046.3,51.690723,-1.369506
449,78.9,7060.2,51.690795,-1.369343
450,79.1,7074.2,51.690866,-1.369182
451,79.3,7088.1,51.690943,-1.369029
452,79.5,7101.9,51.691023,-1.368876
453,79.6,7115.7,51.691102,-1.368723
454,79.6,7129.5,51.69118,-1.36858
455,79.7,7143.3,51.691266,-1.368431
456,79.9,7157.0,51.691349,-1.368285
457,80.1,7170.7,51.691429,-1.368146
458,80.4,7184.4,51.691519,-1.368014
459,80.7,7198.2,51.691615,-1.367881
460,81.1,7212.0,51.691709,-1.367751
461,81.3,7225.8,51.691805,-1.367617
462,81.4,7239.6,51.691899,-1.367486
463,81.4,7253.5,51.691991,-1.367359
464,81.4,7267.4,51.692096,-1.367244
465,81.0,7281.3,51.692202,-1.367128
466,80.6,7295.3,51.692301,-1.36702
467,80.3,7309.2,51.692407,-1.366905
468,80.0,7323.0,51.692502,-1.366801
469,79.7,7336.9,51.692606,-1.366687
470,79.5,7350.7,51.692708,-1.366575
471,79.3,7364.5,51.692802,-1.366472
472,79.1,7378.2,51.692909,-1.366358
473,79.1,7392.0,51.693013,-1.36625
474,79.2,7406.0,51.693118,-1.366142
475,79.4,7419.9,51.693223,-1.366033
476,79.5,7433.8,51.693325,-1.365926
477,79.6,7447.7,51.693432,-1.365815
478,79.7,7461.6,51.693541,-1.365702
479,79.9,7475.5,51.693646,-1.365593
480,80.0,7489.3,51.693753,-1.365482
481,80.4,7503.1,51.693853,-1.365378
482,80.8,7517.0,51.693956,-1.365267
483,81.2,7530.7,51.694055,-1.36516
484,81.7,7544.4,51.694158,-1.365048
485,82.2,7557.9,51.694257,-1.364939
486,82.7,7571.5,51.694361,-1.364827
487,83.3,7585.0,51.694461,-1.364717
488,83.9,7598.5,51.694563,-1.364606
489,85.3,7612.0,51.694667,-1.364494
490,86.8,7625.6,51.694773,-1.364378
491,88.1,7639.1,51.694872,-1.36427
492,89.2,7652.7,51.694963,-1.364152
493,90.3,7666.2,51.69506,-1.364016
494,91.2,7679.8,51.695151,-1.363888
495,91.9,7693.4,51.69524,-1.363764
496,92.6,7707.0,51.695331,-1.363637
497,93.0,7720.6,51.69541,-1.363507
498,93.0,7734.2,51.695493,-1.363365
499,92.9,7748.2,51.695573,-1.363227
500,92.6,7762.0,51.695658,-1.363081
501,92.3,7775.9,51.69573,-1.36293
502,92.2,7789.7,51.695803,-1.362773
503,92.1,7803.6,51.695874,-1.362618
504,91.9,7817.7,51.695947,-1.362451
505,91.8,7831.8,51.696013,-1.362296
506,91.6,7846.1,51.696083,-1.36213
507,91.2,7860.4,51.696156,-1.36195
508,90.8,7874.7,51.696215,-1.361768
509,90.4,7888.8,51.696273,-1.36159
510,90.3,7902.8,51.69633,-1.361413
511,90.2,7917.0,51.69638,-1.361228
512,90.5,7931.1,51.696426,-1.361043
513,90.7,7945.1,51.696472,-1.360858
514,91.0,7959.1,51.69652,-1.360664
515,91.3,7973.2,51.696567,-1.360476
516,91.6,7987.3,51.69661,-1.360301
517,92.0,8001.2,51.696657,-1.360113
518,92.4,8015.1,51.696701,-1.359933
519,92.7,8028.9,51.696742,-1.35976
520,93.0,8042.6,51.696784,-1.359579
521,93.0,8056.2,51.696829,-1.359389
522,93.0,8069.8,51.696876,-1.359225
523,93.0,8083.3,51.69693,-1.359051
524,93.0,8096.8,51.696982,-1.358881
525,93.0,8110.1,51.697038,-1.358712
526,92.7,8123.5,51.697099,-1.35855
527,92.4,8136.8,51.697162,-1.358382
528,92.0,8149.9,51.697222,-1.358221
529,91.7,8163.1,51.69728,-1.358066
530,91.4,8176.1,51.697342,-1.357902
531,91.4,8189.1,51.697402,-1.357741
532,91.5,8202.0,51.697461,-1.357579
533,91.6,8214.8,51.697528,-1.357432
534,91.7,8227.6,51.697612,-1.357307
535,91.9,8240.4,51.697688,-1.357162
536,92.1,8253.2,51.697763,-1.357018
537,92.5,8265.9,51.697837,-1.356882
538,92.8,8278.7,51.697916,-1.35675
539,93.1,8291.5,51.697992,-1.356624
540,93.3,8304.2,51.698074,-1.356489
541,93.5,8316.8,51.698158,-1.356366
542,93.7,8329.6,51.698251,-1.356228
543,94.0,8342.4,51.698331,-1.356111
544,94.4,8355.0,51.698419,-1.355981
545,94.7,8367.7,51.698504,-1.355861
546,95.0,8380.3,51.698594,-1.355752
547,95.2,8392.9,51.698678,-1.355651
548,95.6,8405.4,51.698767,-1.355544
549,95.9,8417.9,51.698853,-1.355441
550,96.3,8430.3,51.698942,-1.355348
551,96.6,8442.6,51.699034,-1.355256
552,96.8,8454.8,51.699124,-1.355166
553,97.0,8466.9,51.699216,-1.355074
554,97.0,8479.0,51.699312,-1.354978
555,97.0,8491.1,51.699406,-1.354884
556,97.0,8503.3,51.699499,-1.354791
557,96.9,8515.4,51.699589,-1.354701
558,97.3,8527.5,51.699685,-1.354605
559,97.8,8539.6,51.699777,-1.354513
560,98.2,8551.6,51.699871,-1.354419
561,98.5,8563.8,51.699964,-1.354326
562,98.9,8575.9,51.700052,-1.354238
563,99.2,8588.0,51.700144,-1.354146
564,99.5,8600.2,51.700234,-1.354051
565,99.8,8612.4,51.700326,-1.353949
566,100.0,8624.7,51.700418,-1.353848
567,100.1,8637.0,51.700511,-1.353745
568,100.0,8649.5,51.700597,-1.353643
569,99.9,8662.1,51.700687,-1.353528
570,99.7,8674.5,51.700773,-1.353418
571,99.4,8687.0,51.700858,-1.353309
572,99.1,8699.5,51.700938,-1.353192
573,98.7,8712.0,51.701033,-1.353053
574,98.2,8724.6,51.701117,-1.35293
575,98.2,8737.0,51.701206,-1.3528
576,98.3,8749.4,51.701281,-1.352672
577,98.3,8761.8,51.701356,-1.352538
578,98.4,8774.3,51.701433,-1.352401
579,98.5,8786.8,51.701507,-1.352269
580,98.5,8799.3,51.70158,-1.35214
581,98.5,8811.8,51.701676,-1.352058
582,98.7,8824.2,51.701738,-1.351922
583,98.9,8836.5,51.701804,-1.351791
584,99.2,8848.8,51.701867,-1.351654
585,99.4,8861.0,51.701928,-1.351516
586,99.7,8873.2,51.701994,-1.351383
587,100.0,8885.3,51.702066,-1.351251
588,99.9,8897.3,51.702131,-1.351115
589,99.7,8909.3,51.702202,-1.35099
590,99.6,8921.2,51.702273,-1.350854
591,99.5,8933.0,51.702336,-1.35072
592,99.5,8944.8,51.7024,-1.350584
593,99.6,8956.6,51.702469,-1.350452
594,99.7,8968.5,51.702531,-1.350308
595,100.0,8980.4,51.702589,-1.350158
596,100.3,8992.3,51.702645,-1.350005
597,100.5,9004.2,51.702721,-1.349858
598,100.9,9015.9,51.70278,-1.34971
599,101.3,9027.5,51.702835,-1.349564
600,101.1,9038.8,51.702882,-1.349423
601,100.8,9050.1,51.702948,-1.3493
602,100.4,9061.1,51.703023,-1.349193
603,99.9,9071.8,51.703099,-1.349112
604,99.6,9082.2,51.703173,-1.349027
605,99.3,9092.2,51.703242,-1.348917
606,99.1,9101.9,51.703293,-1.348796
607,99.2,9110.7,51.703321,-1.34869
608,99.4,9118.8,51.703314,-1.34858
609,99.7,9126.7,51.703268,-1.348508
610,100.1,9134.6,51.703166,-1.348495
611,100.3,9143.0,51.70312,-1.348452
612,100.5,9151.5,51.70305,-1.348485
613,100.6,9160.2,51.703022,-1.348562
614,100.7,9169.1,51.702988,-1.348625
615,101.0,9178.1,51.702914,-1.348806
616,101.2,9187.3,51.702859,-1.348989
617,101.3,9196.6,51.702803,-1.349154
618,101.5,9206.2,51.70276,-1.349302
619,101.7,9216.0,51.702718,-1.349437
620,101.9,9226.0,51.702673,-1.349577
621,101.5,9236.2,51.702621,-1.349715
622,101.2,9246.5,51.702565,-1.349863
623,100.9,9257.0,51.702509,-1.350012
624,100.7,9267.7,51.702448,-1.350164
625,100.6,9278.6,51.702383,-1.350305
626,100.5,9289.6,51.702318,-1.35044
627,100.6,9300.9,51.702245,-1.350564
628,100.7,9312.3,51.702174,-1.350695
629,100.9,9323.7,51.702103,-1.350831
630,100.7,9335.2,51.70203,-1.350964
631,100.4,9346.9,51.701959,-1.351094
632,100.1,9358.8,51.701888,-1.351223
633,99.8,9370.7,51.701818,-1.351356
634,99.5,9382.7,51.701749,-1.351493
635,99.3,9394.4,51.70168,-1.351623
636,99.1,9406.1,51.701607,-1.351755
637,99.0,9417.8,51.701532,-1.351882
638,98.9,9429.5,51.701456,-1.35201
639,98.8,9441.5,51.701377,-1.352141
640,98.7,9453.7,51.701299,-1.352273
641,98.6,9466.0,51.701218,-1.352411
642,98.6,9478.5,51.701139,-1.352546
643,98.5,9491.1,51.701059,-1.352674
644,98.5,9503.5,51.700975,-1.352801
645,98.4,9516.2,51.700894,-1.352925
646,98.8,9529.1,51.700811,-1.35305
647,99.2,9542.1,51.700719,-1.353175
648,99.5,9555.4,51.700625,-1.353306
649,99.6,9568.8,51.700535,-1.353428
650,99.8,9582.4,51.700442,-1.353554
651,99.8,9596.1,51.700341,-1.353682
652,99.6,9609.8,51.700246,-1.3538
653,99.3,9623.5,51.700145,-1.353922
654,98.9,9637.3,51.700043,-1.354037
655,98.6,9651.2,51.699938,-1.354151
656,98.2,9665.1,51.699837,-1.35427
657,97.7,9679.1,51.69973,-1.354382
658,97.2,9693.1,51.69962,-1.354494
659,97.2,9707.2,51.699517,-1.354601
660,97.4,9721.4,51.699405,-1.354712
661,97.5,9735.7,51.699293,-1.354817
662,97.5,9750.0,51.699183,-1.354916
663,97.4,9764.5,51.699067,-1.355022
664,97.1,9779.2,51.698951,-1.355135
665,96.7,9793.8,51.698839,-1.35525
666,96.3,9808.4,51.698735,-1.355362
667,95.9,9822.8,51.698629,-1.355478
668,95.6,9837.3,51.698522,-1.355599
669,95.3,9851.7,51.69842,-1.355722
670,94.9,9866.1,51.698322,-1.355853
671,94.6,9880.1,51.698222,-1.355982
672,94.2,9894.2,51.698127,-1.356121
673,93.8,9908.2,51.698037,-1.356255
674,93.6,9922.3,51.697946,-1.356407
675,93.2,9936.5,51.69786,-1.356559
676,92.8,9950.6,51.697777,-1.356713
677,92.5,9964.8,51.697696,-1.356863
678,92.1,9979.0,51.697619,-1.357028
679,91.9,9993.3,51.697545,-1.357187
680,91.7,10007.7,51.697467,-1.357357
681,91.6,10022.1,51.697394,-1.357526
682,91.6,10036.5,51.697312,-1.357696
683,91.6,10051.0,51.697247,-1.357858
684,91.9,10065.5,51.697181,-1.358043
685,92.3,10079.9,51.697122,-1.358224
686,92.6,10094.3,51.697058,-1.358404
687,92.8,10108.8,51.696998,-1.358579
688,93.0,10123.1,51.696934,-1.358767
689,93.0,10137.3,51.696877,-1.358943
690,93.0,10151.5,51.696824,-1.359131
691,93.0,10165.9,51.696781,-1.359327
692,93.0,10180.2,51.696735,-1.359514
693,92.8,10194.7,51.696682,-1.359709
694,92.4,10209.2,51.696634,-1.359901
695,92.0,10223.8,51.696586,-1.360099
696,91.6,10238.4,51.696537,-1.360287
697,91.2,10253.1,51.696482,-1.360479
698,90.9,10267.8,51.696423,-1.360671
699,90.6,10282.5,51.696373,-1.360872
700,90.3,10297.3,51.696313,-1.361057
701,90.0,10312.0,51.696249,-1.361239
702,90.6,10326.9,51.696183,-1.361428
703,91.1,10341.7,51.69612,-1.361622
704,91.5,10356.4,51.696056,-1.3618
705,91.9,10371.2,51.695994,-1.361997
706,92.1,10386.1,51.695931,-1.362179
707,92.2,10400.9,51.695861,-1.362355
708,92.4,10415.8,51.695785,-1.362528
709,92.5,10430.6,51.695711,-1.362701
710,92.5,10445.2,51.695635,-1.362869
711,92.8,10459.7,51.695555,-1.363033
712,93.0,10474.1,51.695469,-1.363193
713,92.9,10488.3,51.69539,-1.363346
714,92.5,10502.5,51.695304,-1.363498
715,92.0,10516.7,51.695221,-1.363644
716,91.2,10530.8,51.695131,-1.363787
717,90.4,10544.8,51.695042,-1.363922
718,89.4,10558.7,51.694954,-1.364056
719,88.3,10572.4,51.694863,-1.364176
720,87.1,10586.1,51.694767,-1.364296
721,85.7,10599.9,51.694673,-1.364412
722,84.2,10613.6,51.694568,-1.364524
723,83.4,10627.3,51.69447,-1.364634
724,82.8,10640.9,51.694372,-1.364743
725,82.3,10654.7,51.694269,-1.364866
726,81.8,10668.3,51.694171,-1.364984
727,81.3,10682.0,51.694072,-1.365102
728,80.9,10695.7,51.693969,-1.365214
729,80.4,10709.4,51.69387,-1.365323
730,80.1,10723.0,51.693772,-1.365425
731,79.9,10736.6,51.693671,-1.365534
732,79.8,10750.2,51.693571,-1.365642
733,79.7,10763.8,51.693476,-1.365748
734,79.5,10777.2,51.693375,-1.365858
735,79.4,10790.6,51.693279,-1.365961
736,79.3,10803.9,51.693177,-1.366071
737,79.2,10817.3,51.693081,-1.366175
738,79.1,10830.3,51.692985,-1.36628
739,79.2,10843.3,51.692889,-1.366385
740,79.3,10856.4,51.692796,-1.366485
741,79.5,10869.3,51.692699,-1.366585
742,79.7,10882.2,51.692604,-1.366683
743,79.9,10895.2,51.692508,-1.366781
744,80.2,10908.2,51.692415,-1.366877
745,80.5,10921.1,51.692317,-1.366982
746,80.8,10934.1,51.692223,-1.367084
747,81.2,10947.0,51.692128,-1.36719
748,81.4,10959.7,51.692037,-1.367297
749,81.4,10972.4,51.691947,-1.367409
750,81.4,10985.2,51.69186,-1.36752
751,81.2,10998.0,51.691769,-1.367634
752,81.0,11010.9,51.691682,-1.367745
753,80.6,11023.5,51.691593,-1.367859
754,80.3,11036.1,51.691507,-1.367978
755,80.0,11048.7,51.691426,-1.368101
756,79.8,11061.2,51.691342,-1.368229
757,79.6,11073.8,51.691257,-1.368359
758,79.5,11086.3,51.691182,-1.36849
759,79.5,11098.7,51.691107,-1.368623
760,79.5,11111.0,51.691034,-1.368765
761,79.3,11123.4,51.690959,-1.368905
762,79.1,11135.8,51.690895,-1.369037
763,79.0,11147.9,51.69083,-1.369172
764,78.8,11160.1,51.690765,-1.369314
765,78.7,11172.1,51.690699,-1.369453
766,78.5,11184.2,51.690637,-1.369589
767,78.6,11196.4,51.690575,-1.369737
768,78.6,11208.7,51.690513,-1.369879
769,78.6,11221.1,51.690449,-1.370027
770,78.7,11233.8,51.690383,-1.370175
771,78.8,11246.6,51.690317,-1.370332
772,78.9,11259.6,51.69025,-1.370479
773,78.9,11272.7,51.690182,-1.370641
774,78.9,11285.8,51.690114,-1.370803
775,78.9,11298.9,51.69005,-1.370959
776,78.9,11312.1,51.689985,-1.371121
777,78.8,11325.3,51.689923,-1.371279
778,78.9,11338.4,51.689862,-1.371435
779,79.0,11351.5,51.6898,-1.371594
780,79.2,11364.3,51.689738,-1.371756
781,79.5,11377.0,51.68968,-1.371907
782,79.9,11389.7,51.689616,-1.372066
783,80.2,11402.2,51.689559,-1.372213
784,80.4,11414.4,51.689505,-1.37236
785,80.6,11426.7,51.689449,-1.372511
786,80.8,11438.9,51.689393,-1.372663
787,80.9,11451.1,51.689337,-1.372815
788,80.9,11463.5,51.689278,-1.37297
789,80.8,11476.0,51.689225,-1.373112
790,80.6,11488.5,51.689168,-1.373274
791,80.4,11501.2,51.689114,-1.373436
792,80.2,11513.9,51.689063,-1.37359
793,80.0,11526.6,51.689011,-1.373735
794,79.9,11539.4,51.688964,-1.373873
795,79.7,11552.2,51.688914,-1.374021
796,79.5,11565.0,51.688855,-1.374191
797,79.3,11577.8,51.6888,-1.374353
798,79.1,11590.6,51.688743,-1.374517
799,79.1,11603.3,51.688689,-1.374668
800,79.2,11616.2,51.688635,-1.374835
801,79.3,11629.2,51.688588,-1.375001
802,79.4,11642.1,51.688532,-1.375162
803,79.6,11655.1,51.688474,-1.375327
804,79.8,11668.1,51.688418,-1.375493
805,79.9,11681.2,51.688364,-1.375668
806,80.1,11694.4,51.688306,-1.375836
807,80.2,11707.6,51.688248,-1.376003
808,80.2,11720.8,51.688248,-1.376003
809,80.4,11734.1,51.688134,-1.37635
810,80.3,11747.4,51.68808,-1.376525
811,80.2,11760.7,51.688025,-1.376698
812,80.1,11774.1,51.687968,-1.376865
813,80.0,11787.5,51.687916,-1.377044
814,80.0,11800.7,51.687861,-1.377214
815,80.0,11813.6,51.687809,-1.377376
816,79.9,11826.4,51.68775,-1.377535
817,79.8,11839.2,51.687694,-1.377706
818,79.7,11851.9,51.687645,-1.377866
819,79.4,11864.3,51.687593,-1.378026
820,79.0,11876.7,51.687542,-1.378187
821,78.7,11888.9,51.687495,-1.378339
822,78.4,11900.9,51.687446,-1.378489
823,78.2,11912.9,51.687397,-1.378641
824,77.9,11925.0,51.687349,-1.378792
825,77.8,11937.0,51.687298,-1.37894
826,77.6,11949.0,51.687246,-1.379088
827,77.4,11960.8,51.687198,-1.379239
828,77.2,11972.6,51.687152,-1.379383
829,77.1,11984.5,51.687101,-1.379536
830,76.9,11996.5,51.687053,-1.379693
831,76.8,12008.5,51.687005,-1.379845
832,76.6,12020.4,51.68696,-1.379996
833,76.4,12032.4,51.686912,-1.380152
834,76.2,12044.4,51.686868,-1.380295
835,76.0,12055.9,51.686817,-1.380439
836,75.8,12067.3,51.686762,-1.380578
837,75.6,12078.9,51.686714,-1.380718
838,75.5,12090.5,51.686664,-1.380872
839,75.3,12102.3,51.686618,-1.381025
840,75.1,12114.1,51.686569,-1.381184
841,74.9,12125.8,51.686522,-1.38134
842,74.7,12137.6,51.686476,-1.381495
843,74.5,12149.6,51.686429,-1.38164
844,74.3,12161.4,51.686383,-1.381793
845,74.2,12173.4,51.686337,-1.381948
846,74.0,12185.3,51.686293,-1.382106
847,74.0,12197.5,51.686244,-1.382265
848,74.0,12209.8,51.686195,-1.382424
849,73.9,12222.1,51.686143,-1.38258
850,74.0,12234.5,51.686091,-1.382739
851,74.0,12246.9,51.686042,-1.382902
852,73.8,12259.2,51.685993,-1.383061
853,73.5,12271.4,51.685942,-1.383219
854,73.2,12283.6,51.685897,-1.383381
855,72.9,12295.7,51.685852,-1.383543
856,72.5,12307.9,51.685804,-1.383708
857,72.3,12320.0,51.685759,-1.383864
858,72.2,12331.9,51.685717,-1.384019
859,72.0,12343.9,51.685679,-1.384181
860,71.7,12355.8,51.685643,-1.384348
861,71.5,12367.7,51.685604,-1.384512
862,71.6,12379.5,51.685568,-1.384674
863,71.8,12391.5,51.68553,-1.384834
864,72.1,12403.4,51.685492,-1.384991
865,72.4,12415.4,51.685456,-1.38515
866,72.8,12427.4,51.685416,-1.385318
867,73.1,12439.4,51.68538,-1.385476
868,73.4,12451.4,51.685348,-1.385633
869,73.7,12463.5,51.685313,-1.385796
870,74.0,12475.7,51.685277,-1.385959
871,74.3,12487.9,51.685239,-1.386119
872,74.5,12500.2,51.685199,-1.386282
873,74.6,12512.4,51.685161,-1.386443
874,74.7,12524.6,51.68513,-1.386606
875,74.9,12536.6,51.685096,-1.38677
876,75.0,12548.6,51.685069,-1.386932
877,75.1,12560.5,51.68504,-1.387098
878,75.2,12572.4,51.685014,-1.387261
879,75.4,12584.3,51.684985,-1.387424
880,75.5,12596.2,51.684958,-1.387593
881,75.6,12608.2,51.684931,-1.387752
882,75.8,12620.0,51.684899,-1.387913
883,75.9,12631.8,51.68487,-1.388078
884,75.9,12643.5,51.68487,-1.388078
885,76.1,12655.2,51.684814,-1.388393
886,76.3,12666.9,51.684788,-1.38856
887,76.4,12678.5,51.684767,-1.388714
888,76.4,12689.7,51.684744,-1.388869
889,76.4,12700.8,51.684721,-1.389025
890,76.3,12711.7,51.684698,-1.389172
891,76.3,12722.3,51.684678,-1.389325
892,76.3,12732.9,51.68466,-1.389472
893,76.3,12743.4,51.684642,-1.389615
894,76.6,12753.7,51.684628,-1.389761
895,76.9,12764.0,51.684618,-1.389907
896,77.2,12774.0,51.684609,-1.390054
897,77.5,12784.0,51.684598,-1.390195
898,77.8,12793.9,51.684584,-1.390345
899,78.1,12803.5,51.684573,-1.390491
900,78.2,12813.3,51.684561,-1.390628
901,78.3,12823.1,51.68455,-1.390768
902,78.4,12832.8,51.68454,-1.390909
903,78.5,12842.6,51.68453,-1.391051
904,78.6,12852.4,51.684523,-1.391192
905,78.6,12861.9,51.684515,-1.391325
906,78.4,12871.5,51.684507,-1.391464
907,78.3,12881.0,51.6845,-1.391594
908,78.1,12890.5,51.684493,-1.391739
909,77.9,12899.9,51.684482,-1.391875
910,77.8,12909.5,51.684473,-1.392004
911,77.7,12919.0,51.684468,-1.392143
912,77.7,12928.6,51.684462,-1.392278
913,77.8,12938.1,51.684456,-1.392416
914,77.8,12947.7,51.684452,-1.392554
915,77.8,12957.1,51.684449,-1.392689
916,77.8,12966.6,51.684449,-1.392822
917,77.9,12976.3,51.684448,-1.392963
918,78.0,12986.1,51.684447,-1.393107
919,78.2,12996.1,51.684447,-1.393248
920,78.3,13006.1,51.684447,-1.393399
921,78.5,13016.2,51.684448,-1.39354
922,78.6,13026.2,51.684446,-1.393688
923,78.7,13036.4,51.684449,-1.393833
924,78.7,13046.6,51.684451,-1.393978
925,78.7,13056.9,51.684454,-1.394127
926,78.7,13067.4,51.684453,-1.394271
927,78.7,13078.0,51.684454,-1.394428
928,78.7,13088.7,51.684455,-1.394576
929,78.9,13099.4,51.684457,-1.394735
930,79.1,13110.1,51.684458,-1.394894
931,79.2,13120.7,51.684456,-1.395041
932,79.4,13131.0,51.684459,-1.395193
933,79.6,13141.1,51.68446,-1.39534
934,79.7,13151.1,51.68446,-1.395484
935,79.7,13161.3,51.684464,-1.395632
936,79.7,13171.4,51.68447,-1.395781
937,79.7,13181.4,51.684478,-1.395923
938,79.8,13191.5,51.684485,-1.396056
939,79.8,13201.5,51.684493,-1.396193
940,79.9,13211.4,51.684497,-1.396336
941,80.1,13221.4,51.684501,-1.396473
942,80.2,13231.4,51.684503,-1.396614
943,80.4,13241.4,51.684508,-1.396753
944,80.6,13251.5,51.684511,-1.396894
945,80.8,13261.5,51.684514,-1.397036
946,80.8,13284.3,51.684514,-1.397036
947,80.9,13294.5,51.684521,-1.39752
948,80.9,13304.8,51.684525,-1.397663
949,80.9,13315.2,51.684532,-1.397819
950,81.0,13325.5,51.684536,-1.397969
951,81.2,13336.0,51.684539,-1.398115
952,81.4,13346.5,51.684543,-1.398266
953,81.6,13357.4,51.684547,-1.398425
954,81.8,13368.4,51.684553,-1.398578
955,82.0,13379.6,51.684558,-1.398739
956,82.0,13390.8,51.684564,-1.398901
957,82.0,13402.2,51.684567,-1.399061
958,82.0,13413.3,51.684571,-1.399218
959,82.0,13424.4,51.684577,-1.399381
960,82.0,13435.4,51.684584,-1.399536
961,82.0,13446.1,51.68459,-1.399685
962,82.0,13456.8,51.684597,-1.399838
963,82.0,13467.5,51.684606,-1.399999
964,82.0,13478.2,51.684613,-1.400152
965,82.0,13488.8,51.684619,-1.400305
966,81.9,13499.3,51.684626,-1.400453
967,81.9,13509.8,51.684632,-1.400602
968,81.9,13520.4,51.684636,-1.400754
969,81.9,13530.6,51.684641,-1.400901
970,81.9,13540.8,51.684644,-1.40104
971,81.9,13550.7,51.684649,-1.40119
972,81.8,13560.7,51.684656,-1.40133
973,81.7,13570.7,51.68466,-1.401477
974,81.5,13580.7,51.684664,-1.40162
975,81.3,13590.7,51.684668,-1.401767
976,81.2,13600.8,51.684674,-1.401912
977,81.0,13611.0,51.684681,-1.402051
978,81.0,13621.2,51.684689,-1.402201
979,81.0,13631.4,51.684697,-1.402359
980,81.0,13641.7,51.684704,-1.40251
981,81.0,13652.0,51.684713,-1.40266
982,81.0,13662.5,51.684719,-1.402816
983,81.1,13673.2,51.684725,-1.402971
984,81.2,13683.9,51.684731,-1.403122
985,81.4,13694.8,51.684736,-1.403281
986,81.6,13705.9,51.684744,-1.403436
987,81.8,13717.1,51.684751,-1.403597
988,82.0,13728.2,51.684756,-1.40375
989,82.0,13739.5,51.684759,-1.403908
990,82.0,13750.8,51.684765,-1.404075
991,82.0,13762.2,51.684769,-1.404238
992,82.0,13773.5,51.684775,-1.404402
993,82.0,13784.7,51.684781,-1.404572
994,82.0,13795.9,51.684789,-1.404731
995,81.9,13807.2,51.684797,-1.404891
996,81.9,13818.5,51.684802,-1.405058
997,81.8,13829.8,51.684807,-1.405217
998,81.7,13841.3,51.684812,-1.405384
999,81.7,13852.8,51.684818,-1.405544
1000,81.7,13864.3,51.684824,-1.405698
1001,81.7,13875.6,51.684831,-1.405862
1002,81.7,13886.7,51.684836,-1.406017
1003,81.7,13897.6,51.684845,-1.406177
1004,81.6,13908.3,51.68485,-1.406335
1005,81.5,13919.2,51.684855,-1.406488
1006,81.4,13930.3,51.684859,-1.406644
1007,81.2,13941.3,51.684864,-1.406808
1008,81.1,13952.3,51.68487,-1.406966
1009,81.0,13963.2,51.684876,-1.407118
1010,81.0,13974.0,51.684883,-1.407278
1011,81.0,13985.0,51.68489,-1.40744
1012,81.0,13996.0,51.684896,-1.407596
1013,81.0,14007.1,51.6849,-1.407751
1014,81.0,14018.2,51.684904,-1.407912
1015,80.9,14029.3,51.684911,-1.408071
1016,80.9,14040.4,51.684919,-1.408219
1017,80.8,14051.7,51.684928,-1.408379
1018,80.7,14062.9,51.684936,-1.408542
1019,80.6,14074.1,51.68494,-1.408706
1020,80.6,14085.3,51.684944,-1.408865
1021,80.6,14096.4,51.684949,-1.40903
1022,80.6,14107.5,51.684955,-1.409188
1023,80.5,14118.6,51.684961,-1.409353
1024,80.5,14129.6,51.684967,-1.409511
1025,80.5,14140.8,51.684976,-1.409682
1026,80.5,14152.0,51.684983,-1.409846
1027,80.5,14163.5,51.684988,-1.410012
1028,80.5,14174.9,51.684994,-1.410183
1029,80.5,14186.6,51.685001,-1.41035
1030,80.5,14198.2,51.685006,-1.410515
1031,80.5,14209.8,51.685009,-1.410688
1032,80.5,14221.4,51.685015,-1.410853
1033,80.5,14233.1,51.685024,-1.411024
1034,80.5,14244.7,51.68503,-1.411189
1035,80.4,14256.3,51.685036,-1.411358
1036,80.3,14268.0,51.685039,-1.411519
1037,80.2,14279.6,51.685034,-1.411682
1038,80.1,14291.3,51.685011,-1.411844
1039,80.0,14303.3,51.684983,-1.412018
1040,80.0,14315.3,51.684948,-1.412179
1041,80.0,14327.2,51.684921,-1.412338
1042,80.0,14338.7,51.684913,-1.4125
1043,80.0,14350.3,51.684917,-1.412655
1044,80.0,14361.8,51.684942,-1.412818
1045,80.1,14373.5,51.684962,-1.412986
1046,80.3,14385.3,51.684979,-1.413158
1047,80.5,14397.1,51.684981,-1.413324
1048,80.7,14409.1,51.684973,-1.413492
1049,80.9,14420.8,51.68496,-1.413665
1050,81.0,14432.8,51.684946,-1.413835
1051,81.1,14444.8,51.68493,-1.413999
1052,81.2,14456.6,51.68491,-1.414166
1053,81.3,14468.5,51.684891,-1.414325
1054,81.3,14480.3,51.684869,-1.414486
1055,81.4,14492.0,51.68485,-1.414645
1056,81.7,14503.4,51.684828,-1.414804
1057,81.9,14514.9,51.684809,-1.414967
1058,82.2,14526.4,51.684785,-1.41512
1059,82.5,14537.6,51.684769,-1.415273
1060,82.8,14548.8,51.684753,-1.415429
1061,83.0,14560.0,51.684739,-1.415594
1062,83.2,14571.1,51.684726,-1.415746
1063,83.3,14582.2,51.68471,-1.415898
1064,83.5,14593.2,51.684689,-1.416051
1065,83.7,14604.0,51.684669,-1.416207
1066,83.7,14614.7,51.68465,-1.416351
1067,83.6,14625.4,51.684629,-1.416495
1068,83.5,14635.8,51.684611,-1.416635
1069,83.3,14646.1,51.68459,-1.416779
1070,83.2,14656.3,51.68457,-1.416921
1071,83.1,14666.4,51.684553,-1.417068
1072,83.1,14676.5,51.684536,-1.417206
1073,83.2,14686.4,51.68452,-1.417351
1074,83.2,14696.3,51.684503,-1.417481
1075,83.2,14706.2,51.684485,-1.417625
1076,83.3,14716.2,51.684466,-1.417757
1077,83.3,14726.3,51.684448,-1.417898
1078,83.5,14736.4,51.684429,-1.418037
1079,83.6,14746.5,51.684415,-1.418187
1080,83.7,14756.7,51.684397,-1.418335
1081,83.8,14766.9,51.684382,-1.418473
1082,83.9,14776.9,51.684366,-1.418615
1083,84.0,14787.0,51.684349,-1.418754
1084,83.9,14797.0,51.68433,-1.418902
1085,83.9,14807.1,51.684313,-1.419043
1086,83.8,14817.4,51.684295,-1.419181
1087,83.7,14827.6,51.684276,-1.419323
1088,83.7,14837.9,51.684259,-1.419467
1089,83.6,14848.3,51.684243,-1.419618
1090,83.5,14858.6,51.684222,-1.419761
1091,83.4,14869.0,51.684204,-1.419908
1092,83.3,14879.5,51.684187,-1.420058
1093,83.1,14889.9,51.684171,-1.420206
1094,83.0,14900.2,51.684155,-1.420353
1095,82.9,14910.4,51.684138,-1.420501
1096,82.9,14920.6,51.684119,-1.420651
1097,82.9,14930.9,51.684105,-1.420798
1098,82.8,14941.3,51.684086,-1.420952
1099,82.8,14952.0,51.684066,-1.421093
1100,82.7,14962.8,51.684046,-1.421244
1101,82.8,14973.6,51.684028,-1.421387
1102,82.9,14984.5,51.684006,-1.421544
1103,83.0,14995.5,51.683987,-1.421705
1104,83.1,15006.6,51.683971,-1.421867
1105,83.2,15017.8,51.683953,-1.422029
1106,83.3,15028.9,51.683936,-1.422181
1107,83.4,15040.0,51.683918,-1.422332
1108,83.6,15051.2,51.6839,-1.422495
1109,83.7,15062.3,51.683883,-1.422647
1110,83.9,15073.2,51.683867,-1.4228
1111,84.0,15084.1,51.683853,-1.422954
1112,83.8,15094.9,51.683834,-1.423107
1113,83.6,15105.6,51.683819,-1.423259
1114,83.4,15116.2,51.683799,-1.423409
1115,83.3,15126.7,51.68378,-1.42356
1116,83.1,15137.3,51.68376,-1.423707
1117,83.0,15148.0,51.683742,-1.423862
1118,83.0,15158.8,51.683725,-1.424015
1119,83.0,15169.8,51.683703,-1.42417
1120,83.0,15180.8,51.683683,-1.424325
1121,83.0,15191.7,51.683664,-1.424482
1122,83.0,15202.7,51.683642,-1.424629
1123,82.8,15213.6,51.683617,-1.424783
1124,82.7,15224.7,51.683595,-1.424937
1125,82.5,15235.6,51.683572,-1.425084
1126,82.4,15246.5,51.683549,-1.425244
1127,82.3,15257.4,51.683526,-1.425397
1128,82.3,15268.1,51.683506,-1.425547
1129,82.3,15279.0,51.683483,-1.425693
1130,82.4,15290.0,51.683456,-1.425849
1131,82.4,15301.2,51.683433,-1.426
1132,82.4,15312.5,51.683409,-1.426162
1133,82.4,15323.9,51.683387,-1.426321
1134,82.3,15335.2,51.683366,-1.426481
1135,82.3,15346.3,51.683346,-1.426643
1136,82.2,15357.5,51.683324,-1.426803
1137,82.1,15368.9,51.683302,-1.426959
1138,82.0,15380.3,51.683278,-1.427121
1139,81.9,15391.8,51.683252,-1.427278
1140,81.7,15403.2,51.683226,-1.427437
1141,81.6,15414.7,51.6832,-1.427594
1142,81.4,15426.3,51.683175,-1.427753
1143,81.3,15437.9,51.683147,-1.427907
1144,81.2,15449.3,51.68312,-1.42806
1145,81.2,15460.5,51.683098,-1.428213
1146,81.2,15471.8,51.683074,-1.428366
1147,81.2,15483.2,51.683047,-1.42853
1148,81.1,15494.7,51.683019,-1.428695
1149,81.1,15506.3,51.682988,-1.428858
1150,81.0,15518.0,51.682957,-1.429018
1151,81.0,15529.9,51.682926,-1.429181
1152,81.0,15542.0,51.68289,-1.429354
1153,81.1,15554.1,51.682857,-1.429525
1154,81.1,15566.1,51.682826,-1.429689
1155,81.1,15578.1,51.68279,-1.429851
1156,81.1,15590.0,51.682754,-1.430017
1157,81.1,15601.8,51.682718,-1.43018
1158,81.0,15613.5,51.682679,-1.430342
1159,81.0,15625.4,51.68264,-1.430506
1160,81.0,15637.2,51.682601,-1.43067
1161,81.0,15649.1,51.682569,-1.430828
1162,81.0,15660.7,51.682532,-1.430988
1163,81.0,15672.4,51.682492,-1.431147
1164,81.0,15684.2,51.68245,-1.431313
1165,80.8,15695.9,51.682413,-1.431466
1166,80.7,15707.7,51.682375,-1.431616
1167,80.6,15719.5,51.682337,-1.431772
1168,80.4,15731.2,51.682298,-1.431933
1169,80.2,15742.9,51.68226,-1.432088
1170,80.0,15754.4,51.682223,-1.432237
1171,79.8,15765.9,51.682178,-1.43239
1172,79.6,15777.3,51.682136,-1.432535
1173,79.3,15788.7,51.682098,-1.43269
1174,79.1,15800.0,51.682058,-1.432842
1175,79.2,15811.4,51.682018,-1.432986
1176,79.4,15823.0,51.681972,-1.433135
1177,79.5,15834.7,51.681926,-1.433279
1178,79.7,15846.3,51.681876,-1.433426
1179,79.9,15858.0,51.681827,-1.433573
1180,80.0,15869.7,51.681779,-1.433723
1181,80.0,15881.5,51.681728,-1.433878
1182,80.0,15893.3,51.681679,-1.434019
1183,80.0,15905.0,51.68163,-1.434166
1184,80.0,15916.7,51.681584,-1.434308
1185,80.0,15928.4,51.681534,-1.434455
1186,80.0,15940.2,51.681485,-1.4346
1187,80.2,15952.0,51.681432,-1.434756
1188,80.4,15963.7,51.68138,-1.4349
1189,80.5,15975.4,51.681334,-1.435038
1190,80.7,15987.0,51.681284,-1.435189
1191,80.9,15998.7,51.681235,-1.43534
1192,81.1,16010.2,51.681185,-1.435478
1193,81.2,16021.5,51.681135,-1.435623
1194,81.4,16032.7,51.681085,-1.435755
1195,81.6,16044.0,51.681027,-1.4359
1196,81.7,16055.4,51.680971,-1.436031
1197,81.9,16066.9,51.680917,-1.436169
1198,82.1,16078.0,51.680862,-1.436298
1199,82.3,16089.2,51.680807,-1.436433
1200,82.5,16100.3,51.680754,-1.436565
1201,82.7,16111.4,51.680702,-1.436699
1202,82.9,16122.6,51.680648,-1.436827
1203,83.0,16133.9,51.68059,-1.436969
1204,83.2,16145.3,51.680529,-1.437097
1205,83.2,16156.7,51.680471,-1.437236
