,distance
0,0.0
1,0.0
2,0.0
3,0.0
4,0.0
5,0.7
6,2.4
7,4.9
8,7.9
9,11.9
10,16.9
11,23.4
12,31.1
13,39.5
14,48.8
15,58.7
16,69.0
17,79.4
18,90.1
19,101.1
20,112.2
21,123.7
22,135.0
23,146.7
24,158.5
25,170.2
26,182.0
27,194.0
28,206.4
29,219.0
30,231.9
31,244.9
32,258.0
33,271.1
34,283.9
35,296.8
36,309.9
37,323.0
38,336.0
39,348.9
40,361.7
41,374.2
42,386.7
43,399.2
44,411.5
45,423.6
46,435.4
47,446.9
48,457.8
49,468.2
50,479.0
51,490.2
52,501.8
53,513.8
54,525.9
55,538.1
56,550.4
57,563.0
58,575.9
59,589.0
60,602.0
61,614.9
62,627.5
63,639.9
64,652.2
65,664.2
66,676.1
67,688.2
68,700.5
69,713.0
70,726.1
71,738.9
72,751.8
73,764.4
74,776.8
75,789.2
76,801.4
77,813.8
78,826.0
79,838.0
80,849.8
81,861.6
82,873.3
83,884.8
84,896.5
85,908.2
86,919.8
87,931.0
88,942.3
89,953.2
90,964.1
91,974.4
92,984.8
93,994.7
94,1004.2
95,1014.0
96,1023.6
97,1033.3
98,1043.3
99,1053.3
100,1063.4
101,1073.8
102,1083.8
103,1093.9
104,1104.1
105,1114.5
106,1125.0
107,1135.9
108,1147.4
109,1158.5
110,1169.8
111,1181.3
112,1192.9
113,1204.6
114,1216.7
115,1228.6
116,1240.9
117,1253.4
118,1266.1
119,1279.1
120,1292.3
121,1305.5
122,1318.7
123,1331.7
124,1344.5
125,1356.8
126,1369.2
127,1381.7
128,1394.6
129,1407.4
130,1420.7
131,1434.7
132,1449.0
133,1463.2
134,1477.5
135,1491.9
136,1506.3
137,1520.6
138,1534.8
139,1548.9
140,1563.0
141,1577.2
142,1591.3
143,1605.5
144,1619.0
145,1632.5
146,1646.1
147,1659.9
148,1673.7
149,1687.5
150,1701.3
151,1715.5
152,1729.7
153,1743.9
154,1758.5
155,1772.9
156,1787.1
157,1801.3
158,1815.4
159,1829.2
160,1842.8
161,1856.5
162,1869.8
163,1883.1
164,1896.7
165,1910.5
166,1924.8
167,1939.0
168,1953.2
169,1966.9
170,1980.7
171,1994.2
172,2007.3
173,2020.5
174,2033.5
175,2046.3
176,2059.1
177,2071.6
178,2083.8
179,2095.3
180,2106.1
181,2116.0
182,2125.1
183,2134.9
184,2145.2
185,2156.0
186,2167.2
187,2179.0
188,2191.1
189,2203.3
190,2215.7
191,2228.0
192,2240.0
193,2252.0
194,2264.4
195,2276.8
196,2289.4
197,2302.1
198,2315.1
199,2328.2
200,2341.2
201,2354.4
202,2367.7
203,2380.8
204,2394.0
205,2407.1
206,2420.2
207,2433.5
208,2446.9
209,2460.4
210,2474.2
211,2487.9
212,2501.5
213,2514.9
214,2528.3
215,2541.3
216,2554.3
217,2567.0
218,2580.0
219,2592.9
220,2605.6
221,2618.0
222,2630.4
223,2643.1
224,2655.7
225,2668.0
226,2680.4
227,2692.5
228,2704.5
229,2716.3
230,2728.3
231,2740.6
232,2753.2
233,2765.9
234,2778.5
235,2791.0
236,2803.5
237,2816.2
238,2828.8
239,2841.5
240,2854.3
241,2866.6
242,2879.0
243,2891.6
244,2904.5
245,2917.2
246,2929.9
247,2942.4
248,2954.9
249,2967.4
250,2980.1
251,2992.8
252,3005.9
253,3018.8
254,3031.4
255,3044.1
256,3056.5
257,3068.7
258,3080.5
259,3092.0
260,3102.5
261,3111.6
262,3118.5
263,3125.4
264,3133.3
265,3141.9
266,3151.3
267,3161.4
268,3171.9
269,3182.7
270,3194.0
271,3205.2
272,3216.5
273,3228.1
274,3239.6
275,3251.4
276,3263.2
277,3275.2
278,3287.2
279,3299.0
280,3310.9
281,3322.7
282,3334.3
283,3345.7
284,3357.1
285,3368.4
286,3380.1
287,3391.8
288,3403.3
289,3415.1
290,3426.9
291,3438.6
292,3450.7
293,3462.6
294,3475.1
295,3487.6
296,3499.9
297,3511.9
298,3523.5
299,3535.1
300,3546.9
301,3559.1
302,3571.8
303,3584.7
304,3597.6
305,3610.3
306,3622.7
307,3634.8
308,3647.1
309,3659.1
310,3671.0
311,3683.0
312,3695.0
313,3707.3
314,3719.8
315,3732.6
316,3745.8
317,3759.3
318,3772.9
319,3786.3
320,3799.7
321,3812.8
322,3825.8
323,3838.6
324,3851.4
325,3864.2
326,3876.8
327,3889.6
328,3902.3
329,3915.1
330,3928.0
331,3941.0
332,3953.6
333,3966.3
334,3978.7
335,3990.9
336,4003.1
337,4015.3
338,4027.7
339,4039.9
340,4052.4
341,4065.0
342,4077.5
343,4090.1
344,4102.8
345,4115.2
346,4127.4
347,4139.8
348,4152.2
349,4164.7
350,4176.8
351,4188.9
352,4200.9
353,4213.0
354,4225.4
355,4237.7
356,4250.1
357,4262.4
358,4274.7
359,4286.8
360,4299.0
361,4311.3
362,4323.4
363,4335.9
364,4348.6
365,4361.6
366,4374.6
367,4387.5
368,4400.4
369,4413.3
370,4426.3
371,4439.3
372,4452.4
373,4465.2
374,4477.5
375,4489.7
376,4501.8
377,4513.9
378,4525.6
379,4536.9
380,4548.0
381,4559.2
382,4570.2
383,4581.2
384,4592.5
385,4603.8
386,4615.0
387,4626.4
388,4637.7
389,4648.9
390,4660.1
391,4671.4
392,4682.9
393,4694.4
394,4705.9
395,4717.4
396,4729.1
397,4740.8
398,4752.7
399,4764.7
400,4776.6
401,4789.0
402,4801.3
403,4813.7
404,4826.2
405,4838.8
406,4851.2
407,4863.3
408,4875.1
409,4887.3
410,4899.8
411,4912.0
412,4924.2
413,4936.5
414,4948.9
415,4961.7
416,4974.5
417,4987.0
418,4999.5
419,5012.0
420,5024.5
421,5037.0
422,5049.4
423,5061.9
424,5074.3
425,5086.5
426,5098.6
427,5110.7
428,5123.2
429,5135.6
430,5147.7
431,5159.3
432,5170.4
433,5181.1
434,5191.0
435,5200.7
436,5210.5
437,5221.5
438,5233.1
439,5245.3
440,5257.2
441,5269.4
442,5281.8
443,5294.4
444,5307.7
445,5321.2
446,5334.8
447,5348.3
448,5361.4
449,5374.3
450,5387.0
451,5399.5
452,5411.8
453,5423.7
454,5436.4
455,5448.9
456,5462.2
457,5475.6
458,5489.2
459,5503.0
460,5516.8
461,5530.6
462,5544.4
463,5558.1
464,5571.7
465,5585.1
466,5598.1
467,5610.9
468,5623.6
469,5636.3
470,5648.8
471,5661.1
472,5673.6
473,5685.9
474,5697.6
475,5709.2
476,5720.6
477,5731.9
478,5743.0
479,5754.0
480,5765.1
481,5776.0
482,5787.1
483,5798.0
484,5808.4
485,5819.1
486,5830.5
487,5842.5
488,5854.8
489,5867.5
490,5880.4
491,5893.3
492,5906.3
493,5919.5
494,5932.9
495,5946.5
496,5960.4
497,5974.2
498,5987.9
499,6002.4
500,6016.9
501,6031.5
502,6046.2
503,6060.9
504,6075.4
505,6090.2
506,6104.6
507,6119.1
508,6133.5
509,6148.1
510,6162.5
511,6177.0
512,6191.4
513,6206.0
514,6220.3
515,6234.2
516,6248.3
517,6262.0
518,6276.0
519,6289.9
520,6303.9
521,6318.1
522,6331.8
523,6346.1
524,6360.0
525,6373.6
526,6387.1
527,6400.4
528,6414.1
529,6427.5
530,6440.6
531,6453.8
532,6467.2
533,6480.6
534,6494.1
535,6507.1
536,6520.1
537,6533.0
538,6545.9
539,6558.8
540,6571.8
541,6584.5
542,6597.2
543,6609.7
544,6622.4
545,6635.3
546,6648.3
547,6661.4
548,6674.5
549,6687.3
550,6700.2
551,6713.2
552,6726.3
553,6739.2
554,6751.9
555,6764.4
556,6776.4
557,6788.3
558,6799.6
559,6810.7
560,6821.2
561,6830.4
562,6838.9
563,6846.6
564,6853.8
565,6860.7
566,6868.0
567,6876.4
568,6886.2
569,6896.7
570,6908.2
571,6919.7
572,6931.7
573,6944.2
574,6956.7
575,6969.1
576,6981.8
577,6994.4
578,7006.9
579,7019.4
580,7032.3
581,7045.2
582,7058.6
583,7071.9
584,7085.4
585,7099.2
586,7113.0
587,7127.1
588,7141.0
589,7155.1
590,7169.1
591,7183.2
592,7197.2
593,7211.1
594,7225.4
595,7239.1
596,7252.4
597,7265.8
598,7278.6
599,7291.0
600,7303.3
601,7315.4
602,7327.3
603,7339.1
604,7351.0
605,7363.1
606,7375.4
607,7388.1
608,7401.2
609,7414.0
610,7426.9
611,7440.1
612,7453.2
613,7466.6
614,7480.1
615,7493.4
616,7506.5
617,7519.4
618,7532.2
619,7545.0
620,7557.6
621,7570.3
622,7582.7
623,7594.9
624,7606.9
625,7618.8
626,7631.0
627,7643.0
628,7654.7
629,7667.0
630,7679.6
631,7692.2
632,7704.9
633,7717.8
634,7731.4
635,7745.3
636,7759.1
637,7772.6
638,7785.9
639,7799.0
640,7811.7
641,7823.8
642,7834.6
643,7843.9
644,7851.9
645,7859.2
646,7867.3
647,7876.6
648,7886.3
649,7896.9
650,7907.7
651,7919.0
652,7930.8
653,7942.7
654,7955.0
655,7967.5
656,7980.2
657,7993.0
658,8005.7
659,8018.5
660,8031.3
661,8044.1
662,8056.9
663,8069.4
664,8081.9
665,8094.1
666,8106.1
667,8118.0
668,8129.9
669,8141.7
670,8153.5
671,8165.4
672,8177.5
673,8189.8
674,8202.3
675,8214.8
676,8227.6
677,8240.2
678,8252.7
679,8264.8
680,8277.0
681,8289.3
682,8301.8
683,8313.9
684,8326.1
685,8337.9
686,8349.5
687,8361.2
688,8372.9
689,8385.1
690,8397.2
691,8409.5
692,8421.5
693,8433.6
694,8445.6
695,8457.6
696,8469.7
697,8481.9
698,8494.1
699,8506.3
700,8518.3
701,8530.2
702,8542.4
703,8554.6
704,8567.1
705,8579.8
706,8592.6
707,8605.4
708,8618.2
709,8631.1
710,8643.8
711,8656.2
712,8668.4
713,8680.5
714,8692.5
715,8704.7
716,8716.8
717,8729.1
718,8741.4
719,8753.7
720,8765.9
721,8777.8
722,8789.8
723,8802.0
724,8814.2
725,8826.4
726,8838.2
727,8849.9
728,8861.3
729,8872.7
730,8884.1
731,8895.8
732,8907.7
733,8919.5
734,8931.0
735,8942.4
736,8954.2
737,8966.2
738,8978.4
739,8990.5
740,9002.8
741,9015.2
742,9027.2
743,9039.0
744,9050.5
745,9062.0
746,9073.9
747,9086.2
748,9098.6
749,9111.1
750,9123.4
751,9135.6
752,9148.0
753,9160.7
754,9173.5
755,9186.4
756,9199.2
757,9211.5
758,9223.4
759,9234.8
760,9246.5
761,9258.4
762,9270.4
763,9282.7
764,9295.3
765,9307.9
766,9320.5
767,9332.9
768,9345.2
769,9357.7
770,9370.0
771,9381.9
772,9393.6
773,9405.2
774,9416.7
775,9428.1
776,9439.8
777,9451.7
778,9463.7
779,9475.9
780,9488.0
781,9500.4
782,9512.9
783,9525.5
784,9538.2
785,9551.0
786,9563.7
787,9576.5
788,9589.3
789,9602.1
790,9615.2
791,9628.1
792,9641.2
793,9654.3
794,9667.4
795,9680.6
796,9693.9
797,9707.2
798,9720.7
799,9734.3
800,9747.7
801,9761.2
802,9774.4
803,9787.5
804,9800.2
805,9813.0
806,9825.6
807,9838.4
808,9851.2
809,9863.7
810,9876.0
811,9888.2
812,9899.9
813,9911.3
814,9922.0
815,9932.3
816,9942.7
817,9953.6
818,9965.1
819,9976.9
820,9989.0
821,10001.3
822,10013.8
823,10026.5
824,10039.4
825,10052.6
826,10065.9
827,10079.3
828,10092.6
829,10106.0
830,10119.1
831,10132.0
832,10144.6
833,10157.2
834,10170.0
835,10183.1
836,10196.2
837,10209.2
838,10222.4
839,10235.5
840,10248.7
841,10261.5
842,10274.5
843,10287.5
844,10300.2
845,10312.7
846,10324.9
847,10336.9
848,10348.9
849,10361.3
850,10373.3
851,10385.4
852,10397.2
853,10408.9
854,10420.4
855,10431.6
856,10442.7
857,10453.7
858,10464.3
859,10474.6
860,10484.5
861,10494.2
862,10504.0
863,10514.0
864,10523.9
865,10533.8
866,10543.7
867,10553.4
868,10562.7
869,10571.9
870,10581.2
871,10590.8
872,10600.8
873,10611.2
874,10621.7
875,10632.5
876,10643.7
877,10655.3
878,10667.4
879,10679.5
880,10692.2
881,10704.8
882,10717.7
883,10730.5
884,10743.6
885,10756.6
886,10770.0
887,10783.3
888,10796.5
889,10809.8
890,10822.9
891,10835.9
892,10848.6
893,10861.2
894,10873.6
895,10885.8
896,10897.8
897,10910.2
898,10922.8
899,10935.5
900,10948.3
901,10961.3
902,10974.5
903,10987.6
904,11000.7
905,11014.0
906,11027.4
907,11040.9
908,11054.3
909,11067.8
910,11081.0
911,11094.2
912,11106.9
913,11119.4
914,11132.0
915,11145.0
916,11158.0
917,11171.3
918,11184.4
919,11197.5
920,11210.8
921,11224.1
922,11237.0
923,11250.0
924,11263.0
925,11276.3
926,11289.4
927,11302.5
928,11315.3
929,11328.5
930,11341.5
931,11354.7
932,11368.1
933,11381.6
934,11394.9
935,11408.1
936,11421.1
937,11434.0
938,11446.7
939,11459.3
940,11471.9
941,11484.3
942,11496.9
943,11508.7
944,11520.7
945,11532.2
946,11543.2
947,11553.6
948,11563.0
949,11571.8
950,11580.5
951,11588.9
952,11597.0
953,11605.7
954,11615.5
955,11626.0
956,11637.2
957,11648.9
958,11661.1
959,11673.4
960,11686.2
961,11698.6
962,11711.3
963,11723.9
964,11736.2
965,11748.3
966,11760.4
967,11772.3
968,11784.6
969,11796.8
970,11809.1
971,11821.5
972,11833.9
973,11846.1
974,11858.2
975,11870.6
976,11882.9
977,11895.4
978,11907.9
979,11920.5
980,11933.1
981,11945.6
982,11957.9
983,11970.5
984,11983.1
985,11995.6
986,12008.1
987,12020.6
988,12032.8
989,12045.1
990,12057.4
991,12069.8
992,12082.5
993,12095.3
994,12107.9
995,12120.3
996,12132.7
997,12145.0
998,12157.4
999,12170.2
1000,12183.3
1001,12196.2
1002,12209.3
1003,12222.4
1004,12235.8
1005,12249.1
1006,12262.3
1007,12275.8
1008,12289.4
1009,12302.8
1010,12316.0
1011,12329.3
1012,12342.3
1013,12354.9
1014,12366.8
1015,12379.1
1016,12391.3
1017,12403.7
1018,12415.6
1019,12427.7
1020,12440.1
1021,12453.0
1022,12466.1
1023,12479.1
1024,12491.9
1025,12505.1
1026,12517.9
1027,12530.4
1028,12542.6
1029,12553.8
1030,12563.9
1031,12572.6
1032,12580.5
1033,12588.3
1034,12596.0
1035,12604.2
1036,12613.2
1037,12623.2
1038,12633.6
1039,12644.6
1040,12655.9
1041,12668.0
1042,12680.1
1043,12692.9
1044,12705.5
1045,12718.1
1046,12731.1
1047,12744.1
1048,12757.0
1049,12769.6
1050,12781.9
1051,12793.8
1052,12805.2
1053,12816.0
1054,12826.7
1055,12837.4
1056,12848.7
1057,12860.2
1058,12871.7
1059,12883.8
1060,12896.1
1061,12908.6
1062,12921.4
1063,12934.1
1064,12947.3
1065,12960.7
1066,12973.9
1067,12986.7
1068,12999.2
1069,13011.3
1070,13023.6
1071,13036.0
1072,13048.9
1073,13061.8
1074,13075.1
1075,13088.3
1076,13101.4
1077,13114.5
1078,13127.5
1079,13140.4
1080,13153.2
1081,13166.0
1082,13178.8
1083,13191.6
1084,13204.5
1085,13217.2
1086,13229.9
1087,13242.6
1088,13255.3
1089,13268.2
1090,13281.1
1091,13294.0
1092,13307.0
1093,13320.2
1094,13333.2
1095,13346.4
1096,13359.6
1097,13372.8
1098,13386.0
1099,13399.2
1100,13412.2
1101,13425.1
1102,13437.7
1103,13450.2
1104,13462.5
1105,13474.8
1106,13487.0
1107,13499.3
1108,13511.6
1109,13524.1
1110,13536.7
1111,13549.3
1112,13561.8
1113,13574.3
1114,13586.8
1115,13599.1
1116,13611.2
1117,13623.4
1118,13635.7
1119,13648.0
1120,13660.2
1121,13672.3
1122,13684.2
1123,13695.8
1124,13707.0
1125,13718.3
1126,13729.9
1127,13741.5
1128,13753.1
1129,13764.9
1130,13776.6
1131,13788.4
1132,13800.2
1133,13812.4
1134,13824.9
1135,13837.4
1136,13849.9
1137,13862.4
1138,13874.6
1139,13886.8
1140,13899.2
1141,13911.6
1142,13923.7
1143,13935.9
1144,13947.6
1145,13958.9
1146,13970.2
1147,13981.4
1148,13992.9
1149,14004.4
1150,14015.8
1151,14027.5
1152,14039.3
1153,14051.2
1154,14062.9
1155,14074.3
1156,14085.8
1157,14097.0
1158,14108.4
1159,14119.9
1160,14131.4
1161,14142.8
1162,14153.8
1163,14164.6
1164,14175.3
1165,14186.4
1166,14197.7
1167,14209.0
1168,14220.4
1169,14231.8
1170,14243.1
1171,14254.4
1172,14265.7
1173,14276.9
1174,14288.2
1175,14299.9
1176,14312.0
1177,14324.7
1178,14337.5
1179,14350.6
1180,14363.8
1181,14376.9
1182,14389.9
1183,14403.0
1184,14416.3
1185,14429.8
1186,14443.4
1187,14457.0
1188,14470.3
1189,14483.3
1190,14496.4
1191,14509.5
1192,14522.5
1193,14535.7
1194,14549.0
1195,14562.3
1196,14575.9
1197,14589.3
1198,14602.8
1199,14616.1
1200,14629.2
1201,14642.0
1202,14654.2
1203,14665.3
1204,14675.7
1205,14686.2
1206,14697.3
1207,14709.0
1208,14721.1
1209,14733.4
1210,14746.1
1211,14758.8
1212,14771.3
1213,14783.7
1214,14795.8
1215,14807.6
1216,14819.3
1217,14830.8
1218,14842.3
1219,14853.8
1220,14865.4
1221,14877.1
1222,14888.7
1223,14900.7
1224,14912.8
1225,14925.1
1226,14937.6
1227,14950.1
1228,14962.3
1229,14974.3
1230,14985.9
1231,14997.4
1232,15008.4
1233,15019.4
1234,15030.3
1235,15041.0
1236,15051.6
1237,15062.2
1238,15072.9
1239,15083.7
1240,15094.5
1241,15105.3
1242,15116.2
1243,15127.1
1244,15138.1
1245,15149.4
1246,15160.7
1247,15172.2
1248,15183.6
1249,15194.6
1250,15205.3
1251,15216.3
1252,15227.3
1253,15238.4
1254,15249.8
1255,15261.6
1256,15273.3
1257,15284.8
1258,15296.2
1259,15308.2
1260,15320.5
1261,15333.1
1262,15346.0
1263,15359.7
1264,15373.2
1265,15386.8
1266,15400.4
1267,15413.9
1268,15427.6
1269,15441.6
1270,15455.9
1271,15470.5
1272,15485.4
1273,15500.4
1274,15515.6
1275,15530.8
1276,15546.0
1277,15561.2
1278,15575.9
1279,15590.5
1280,15605.0
1281,15619.3
1282,15633.3
1283,15647.5
1284,15661.2
1285,15674.9
1286,15688.4
1287,15701.6
1288,15714.7
1289,15728.0
1290,15741.6
1291,15755.7
1292,15770.0
1293,15784.2
1294,15798.4
1295,15812.5
1296,15826.3
1297,15839.9
1298,15853.3
1299,15866.8
1300,15880.2
1301,15893.4
1302,15906.5
1303,15919.9
1304,15933.5
1305,15947.1
1306,15960.2
1307,15973.4
1308,15986.2
1309,15998.8
1310,16011.2
1311,16023.4
1312,16035.3
1313,16047.1
1314,16058.9
1315,16071.0
1316,16083.1
1317,16095.1
1318,16107.0
1319,16118.9
1320,16130.4
1321,16142.0
1322,16153.8
1323,16165.7
1324,16177.7
1325,16189.6
1326,16201.7
1327,16213.5
1328,16225.3
1329,16237.5
1330,16249.7
1331,16262.0
1332,16274.0
1333,16285.6
1334,16296.8
1335,16307.1
1336,16316.5
1337,16325.2
1338,16333.9
1339,16342.7
1340,16352.6
1341,16363.4
1342,16374.4
1343,16386.1
1344,16398.0
1345,16410.4
1346,16422.7
1347,16435.0
1348,16446.9
1349,16458.7
1350,16470.6
1351,16482.0
1352,16493.4
1353,16505.4
1354,16517.7
1355,16530.3
1356,16542.9
1357,16555.7
1358,16568.3
1359,16581.0
1360,16593.5
1361,16606.2
1362,16618.7
1363,16630.9
1364,16642.9
1365,16655.3
1366,16667.8
1367,16680.8
1368,16694.2
1369,16707.6
1370,16721.1
1371,16734.9
1372,16748.6
1373,16762.4
1374,16776.3
1375,16790.1
1376,16804.0
1377,16817.8
1378,16831.5
1379,16845.1
1380,16858.7
1381,16872.2
1382,16885.7
1383,16898.9
1384,16911.9
1385,16925.0
1386,16938.2
1387,16951.8
1388,16965.4
1389,16978.9
1390,16992.5
1391,17006.0
1392,17019.4
1393,17032.9
1394,17046.5
1395,17059.9
1396,17073.3
1397,17086.3
1398,17098.9
1399,17111.2
1400,17123.7
1401,17136.0
1402,17148.5
1403,17161.3
1404,17173.7
1405,17186.1
1406,17198.4
1407,17211.2
1408,17224.3
1409,17237.1
1410,17249.9
1411,17262.4
1412,17274.5
1413,17286.4
1414,17297.9
1415,17308.9
1416,17319.2
1417,17328.2
1418,17336.4
1419,17344.7
1420,17353.9
1421,17364.0
1422,17374.7
1423,17386.3
1424,17397.9
1425,17409.8
1426,17421.7
1427,17433.8
1428,17445.6
1429,17457.1
1430,17468.5
1431,17480.4
1432,17492.3
1433,17504.4
1434,17516.7
1435,17529.0
1436,17541.5
1437,17553.7
1438,17566.1
1439,17578.7
1440,17591.2
1441,17603.3
1442,17615.8
1443,17628.4
1444,17640.9
1445,17653.3
1446,17665.8
1447,17678.6
1448,17691.6
1449,17704.6
1450,17717.4
1451,17729.9
1452,17742.0
1453,17753.9
1454,17765.4
1455,17777.3
1456,17789.1
1457,17800.6
1458,17812.3
1459,17823.8
1460,17835.1
1461,17846.2
1462,17857.2
1463,17868.2
1464,17879.0
1465,17890.2
1466,17901.2
1467,17912.4
1468,17923.6
1469,17934.8
1470,17946.0
1471,17957.5
1472,17968.9
1473,17980.6
1474,17992.5
1475,18004.3
1476,18016.3
1477,18028.3
1478,18040.4
1479,18052.6
1480,18064.7
1481,18076.9
1482,18089.0
1483,18101.2
1484,18113.3
1485,18125.2
1486,18137.1
1487,18149.0
1488,18160.7
1489,18172.6
1490,18184.7
1491,18196.8
1492,18209.1
1493,18221.4
1494,18233.7
1495,18245.9
1496,18258.1
1497,18270.5
1498,18282.9
1499,18295.2
1500,18307.5
1501,18319.9
1502,18332.1
1503,18343.8
1504,18355.7
1505,18367.8
1506,18379.9
1507,18392.1
1508,18404.3
1509,18416.8
1510,18428.7
1511,18440.7
1512,18452.4
1513,18464.1
1514,18476.1
1515,18488.2
1516,18500.3
1517,18512.2
1518,18523.8
1519,18535.3
1520,18547.1
1521,18559.0
1522,18571.2
1523,18583.3
1524,18595.6
1525,18607.9
1526,18620.2
1527,18632.6
1528,18645.2
1529,18658.1
1530,18670.8
1531,18683.6
1532,18696.0
1533,18707.9
1534,18719.7
1535,18731.9
1536,18744.0
1537,18755.9
1538,18767.7
1539,18779.4
1540,18791.0
1541,18802.3
1542,18813.1
1543,18824.1
1544,18835.0
1545,18845.7
1546,18856.2
1547,18866.4
1548,18876.4
1549,18886.2
1550,18895.9
1551,18906.0
1552,18916.2
1553,18926.5
1554,18937.6
1555,18948.9
1556,18960.4
1557,18972.0
1558,18983.7
1559,18995.6
1560,19007.6
1561,19019.7
1562,19032.0
1563,19044.4
1564,19056.9
1565,19069.5
1566,19082.3
1567,19095.1
1568,19108.1
1569,19121.0
1570,19133.9
1571,19146.6
1572,19159.3
1573,19172.0
1574,19184.7
1575,19197.3
1576,19210.0
1577,19222.5
1578,19235.0
1579,19247.5
1580,19260.0
1581,19272.5
1582,19285.0
1583,19297.5
1584,19310.1
1585,19322.5
1586,19334.6
1587,19346.6
1588,19358.6
1589,19370.3
1590,19381.7
1591,19392.8
1592,19403.4
1593,19413.7
1594,19424.2
1595,19435.3
1596,19446.8
1597,19458.7
1598,19470.7
1599,19483.1
1600,19495.5
1601,19508.0
1602,19520.8
1603,19533.6
1604,19546.6
1605,19559.5
1606,19572.4
1607,19585.2
1608,19598.2
1609,19610.9
1610,19623.4
1611,19635.9
1612,19648.5
1613,19661.7
1614,19674.8
1615,19687.8
1616,19700.6
1617,19713.6
1618,19726.2
1619,19739.0
1620,19751.8
1621,19764.3
1622,19776.8
1623,19789.1
1624,19801.1
1625,19812.7
1626,19824.3
1627,19836.0
1628,19847.9
1629,19859.6
1630,19871.2
1631,19882.8
1632,19894.0
1633,19905.1
1634,19916.2
1635,19927.1
1636,19938.0
1637,19948.7
1638,19959.1
1639,19969.6
1640,19980.0
1641,19990.3
1642,20000.7
1643,20010.8
1644,20020.5
1645,20030.4
1646,20040.3
1647,20050.5
1648,20061.4
1649,20072.7
1650,20084.2
1651,20096.4
1652,20108.6
1653,20121.2
1654,20133.7
1655,20146.5
1656,20159.5
1657,20172.8
1658,20186.4
1659,20200.2
1660,20214.0
1661,20227.8
1662,20241.6
1663,20255.5
1664,20269.6
1665,20284.2
1666,20298.9
1667,20313.2
1668,20327.4
1669,20341.7
1670,20355.9
1671,20370.1
1672,20384.3
1673,20398.5
1674,20412.5
1675,20426.3
1676,20440.7
1677,20454.8
1678,20468.7
1679,20482.8
1680,20497.3
1681,20511.4
1682,20525.6
1683,20539.5
1684,20553.6
1685,20567.5
1686,20581.3
1687,20595.0
1688,20608.7
1689,20622.1
1690,20635.6
1691,20648.9
1692,20662.3
1693,20675.6
1694,20688.5
1695,20701.0
1696,20713.5
1697,20725.9
1698,20737.9
1699,20749.9
1700,20761.8
1701,20773.2
1702,20784.5
1703,20795.8
1704,20807.5
1705,20819.4
1706,20831.4
1707,20843.7
1708,20856.5
1709,20869.6
1710,20882.8
1711,20896.0
1712,20909.1
1713,20922.0
1714,20934.6
1715,20947.4
1716,20959.8
1717,20971.9
1718,20983.5
1719,20995.1
1720,21006.4
1721,21017.2
1722,21027.2
1723,21036.4
1724,21045.6
1725,21054.9
1726,21063.4
1727,21070.9
1728,21078.8
1729,21087.4
1730,21096.7
1731,21106.8
1732,21117.8
1733,21129.8
1734,21142.1
1735,21154.6
1736,21167.1
1737,21180.0
1738,21192.8
1739,21205.7
1740,21218.6
1741,21231.1
1742,21244.0
1743,21257.3
1744,21270.8
1745,21284.0
1746,21297.4
1747,21311.4
1748,21325.3
1749,21339.4
1750,21353.4
1751,21367.5
1752,21381.7
1753,21396.0
1754,21410.0
1755,21424.0
1756,21438.0
1757,21451.9
1758,21465.5
1759,21479.1
1760,21492.7
1761,21506.2
1762,21519.8
1763,21533.4
1764,21546.9
1765,21560.1
1766,21573.1
1767,21586.0
1768,21598.6
1769,21611.2
1770,21624.1
1771,21637.0
1772,21649.5
1773,21662.3
1774,21675.0
1775,21687.9
1776,21701.0
1777,21714.1
1778,21727.0
1779,21739.9
1780,21752.5
1781,21765.2
1782,21778.1
1783,21790.8
1784,21803.6
1785,21816.0
1786,21828.2
1787,21840.5
1788,21852.2
1789,21864.2
1790,21875.9
1791,21887.7
1792,21899.2
1793,21910.9
1794,21922.3
1795,21934.6
1796,21947.8
1797,21960.7
1798,21973.3
1799,21986.2
1800,21998.3
1801,22010.3
1802,22021.9
1803,22032.5
1804,22042.5
1805,22051.2
1806,22058.8
1807,22066.1
1808,22073.5
1809,22081.1
1810,22089.5
1811,22099.0
1812,22108.8
1813,22119.7
1814,22131.5
1815,22143.4
1816,22155.9
1817,22168.8
1818,22181.7
1819,22194.8
1820,22207.8
1821,22221.2
1822,22234.4
1823,22247.6
1824,22260.6
1825,22273.7
1826,22286.8
1827,22299.8
1828,22313.1
1829,22326.3
1830,22339.4
1831,22352.2
1832,22365.1
1833,22378.2
1834,22391.2
1835,22404.3
1836,22417.5
1837,22431.3
1838,22444.9
1839,22458.3
1840,22471.4
1841,22484.3
1842,22497.0
1843,22510.0
1844,22523.0
1845,22536.4
1846,22549.5
1847,22562.4
1848,22575.4
1849,22588.1
1850,22600.7
1851,22613.3
1852,22625.8
1853,22638.2
1854,22650.7
1855,22663.0
1856,22675.4
1857,22687.9
1858,22700.5
1859,22713.2
1860,22726.0
1861,22738.8
1862,22751.4
1863,22764.1
1864,22776.9
1865,22789.9
1866,22802.9
1867,22816.2
1868,22829.6
1869,22843.0
1870,22856.2
1871,22869.5
1872,22882.5
1873,22895.5
1874,22908.5
1875,22921.4
1876,22934.2
1877,22947.1
1878,22959.9
1879,22972.7
1880,22985.5
1881,22998.3
1882,23011.1
1883,23023.7
1884,23036.3
1885,23049.0
1886,23061.4
1887,23073.3
1888,23085.3
1889,23097.4
1890,23109.9
1891,23122.6
1892,23135.1
1893,23147.3
1894,23159.4
1895,23171.9
1896,23184.3
1897,23196.6
1898,23208.8
1899,23220.9
1900,23232.9
1901,23245.1
1902,23256.7
1903,23268.5
1904,23280.4
1905,23292.5
1906,23305.0
1907,23317.6
1908,23330.2
1909,23342.9
1910,23355.6
1911,23368.5
1912,23381.4
1913,23394.2
1914,23406.9
1915,23419.7
1916,23431.9
1917,23443.7
1918,23455.3
1919,23466.9
1920,23478.5
1921,23490.5
1922,23502.4
1923,23514.3
1924,23526.1
1925,23537.7
1926,23549.3
1927,23561.1
1928,23572.6
1929,23584.1
1930,23595.7
1931,23607.4
1932,23619.3
1933,23631.0
1934,23642.7
1935,23654.4
1936,23666.3
1937,23678.4
1938,23690.5
1939,23702.4
1940,23714.5
1941,23726.7
1942,23739.0
1943,23751.5
1944,23763.9
1945,23776.2
1946,23788.4
1947,23800.1
1948,23811.7
1949,23823.2
1950,23834.7
1951,23846.6
1952,23858.5
1953,23870.5
1954,23882.4
1955,23894.2
1956,23906.6
1957,23919.0
1958,23931.5
1959,23943.8
1960,23956.1
1961,23968.2
1962,23980.2
1963,23992.0
1964,24003.7
1965,24015.3
1966,24027.0
1967,24038.7
1968,24050.4
1969,24062.1
1970,24073.6
1971,24085.0
1972,24096.4
1973,24107.6
1974,24118.6
1975,24129.3
1976,24139.9
1977,24149.9
1978,24160.1
1979,24170.7
1980,24181.8
1981,24193.3
1982,24205.1
1983,24217.3
1984,24229.8
1985,24242.6
1986,24255.5
1987,24268.5
1988,24281.9
1989,24295.4
1990,24309.0
1991,24322.4
1992,24335.6
1993,24348.5
1994,24361.1
1995,24373.4
1996,24385.8
1997,24398.8
1998,24412.1
1999,24425.7
2000,24439.4
2001,24453.2
2002,24466.9
2003,24480.6
2004,24494.0
2005,24507.1
2006,24519.9
2007,24532.4
2008,24544.8
2009,24557.3
2010,24569.7
2011,24582.1
2012,24594.8
2013,24607.3
2014,24619.9
2015,24632.2
2016,24644.2
2017,24656.0
2018,24667.7
2019,24679.0
2020,24690.3
2021,24701.5
2022,24712.4
2023,24723.4
2024,24734.3
2025,24745.5
2026,24756.7
2027,24767.6
2028,24779.2
2029,24790.9
2030,24802.9
2031,24815.7
2032,24828.9
2033,24842.3
2034,24855.8
2035,24869.3
2036,24882.8
2037,24896.5
2038,24910.2
2039,24923.7
2040,24937.4
2041,24951.3
2042,24965.5
2043,24979.4
2044,24993.6
2045,25007.6
2046,25021.9
2047,25036.1
2048,25050.4
2049,25064.1
2050,25077.8
2051,25091.0
2052,25104.4
2053,25118.0
2054,25131.6
2055,25145.2
2056,25158.6
2057,25171.8
2058,25185.0
2059,25198.3
2060,25211.5
2061,25224.7
2062,25238.0
2063,25251.2
2064,25264.5
2065,25278.8
2066,25293.4
2067,25307.6
2068,25321.3
2069,25334.5
2070,25347.5
2071,25360.3
2072,25373.3
2073,25386.1
2074,25399.2
2075,25412.1
2076,25424.9
2077,25437.7
2078,25450.4
2079,25462.9
2080,25475.1
2081,25487.3
2082,25499.1
2083,25510.7
2084,25522.3
2085,25534.2
2086,25546.4
2087,25558.9
2088,25571.9
2089,25585.0
2090,25598.4
2091,25611.6
2092,25624.8
2093,25638.0
2094,25650.9
2095,25663.4
2096,25676.0
2097,25688.5
2098,25700.5
2099,25712.5
2100,25724.0
2101,25735.9
2102,25747.5
2103,25758.3
2104,25768.4
2105,25777.8
2106,25786.1
2107,25793.7
2108,25801.0
2109,25808.5
2110,25816.2
2111,25824.6
2112,25834.1
2113,25844.4
2114,25855.3
2115,25866.7
2116,25878.6
2117,25890.5
2118,25902.8
2119,25915.2
2120,25928.0
2121,25940.8
2122,25954.0
2123,25967.2
2124,25980.7
2125,25994.2
2126,26007.5
2127,26020.9
2128,26034.1
2129,26047.2
2130,26060.7
2131,26074.3
2132,26087.8
2133,26101.3
2134,26114.9
2135,26128.3
2136,26141.8
2137,26155.3
2138,26168.8
2139,26182.2
2140,26195.9
2141,26209.5
2142,26223.2
2143,26236.5
2144,26249.7
2145,26262.7
2146,26275.6
2147,26288.5
2148,26301.5
2149,26314.4
2150,26327.0
2151,26339.6
2152,26352.9
2153,26366.0
2154,26379.1
2155,26392.0
2156,26404.9
2157,26417.8
2158,26430.7
2159,26443.8
2160,26456.9
2161,26469.8
2162,26482.9
2163,26496.1
2164,26509.1
2165,26522.1
2166,26535.1
2167,26547.9
2168,26560.2
2169,26571.7
2170,26583.4
2171,26595.4
2172,26607.7
2173,26620.0
2174,26632.1
2175,26643.8
2176,26655.2
2177,26666.6
2178,26678.9
2179,26691.3
2180,26703.7
2181,26716.0
2182,26728.5
2183,26740.5
2184,26752.3
2185,26763.7
2186,26774.8
2187,26785.1
2188,26794.0
2189,26802.2
2190,26809.5
2191,26817.0
2192,26824.4
2193,26833.1
2194,26842.5
2195,26852.9
2196,26863.9
2197,26875.0
2198,26886.6
2199,26898.3
2200,26910.5
2201,26923.0
2202,26935.9
2203,26949.0
2204,26962.3
2205,26975.6
2206,26989.1
2207,27002.8
2208,27016.3
2209,27030.1
2210,27043.9
2211,27057.9
2212,27071.7
2213,27085.7
2214,27099.5
2215,27113.3
2216,27127.1
2217,27140.9
2218,27154.5
2219,27168.2
2220,27181.8
2221,27195.4
2222,27208.8
2223,27221.9
2224,27234.0
2225,27246.0
2226,27258.2
2227,27270.6
2228,27283.0
2229,27295.5
2230,27307.8
2231,27319.9
2232,27331.9
2233,27344.0
2234,27356.1
2235,27368.0
2236,27379.9
2237,27391.9
2238,27403.9
2239,27416.3
2240,27428.8
2241,27441.6
2242,27454.5
2243,27467.4
2244,27480.3
2245,27492.9
2246,27505.5
2247,27518.2
2248,27530.8
2249,27543.4
2250,27555.9
2251,27568.5
2252,27581.3
2253,27594.1
2254,27606.9
2255,27619.7
2256,27632.3
2257,27644.8
2258,27657.1
2259,27669.7
2260,27682.2
2261,27694.9
2262,27707.5
2263,27720.3
2264,27732.8
2265,27745.4
2266,27757.7
2267,27769.8
2268,27781.7
2269,27793.5
2270,27805.0
2271,27816.3
2272,27827.2
2273,27838.1
2274,27849.2
2275,27860.6
2276,27871.8
2277,27882.8
2278,27893.7
2279,27904.7
2280,27916.2
2281,27928.1
2282,27940.4
2283,27952.9
2284,27965.2
2285,27977.6
2286,27990.1
2287,28002.3
2288,28014.7
2289,28027.3
2290,28040.2
2291,28053.1
2292,28066.1
2293,28079.0
2294,28092.1
2295,28105.1
2296,28117.9
2297,28130.6
2298,28143.3
2299,28156.0
2300,28168.8
2301,28180.6
2302,28192.2
2303,28204.0
2304,28215.8
2305,28227.8
2306,28239.5
2307,28251.0
2308,28262.5
2309,28273.9
2310,28285.5
2311,28297.2
2312,28309.5
2313,28321.7
2314,28333.8
2315,28345.9
2316,28357.7
2317,28369.0
2318,28379.8
2319,28390.7
2320,28401.8
2321,28413.2
2322,28424.7
2323,28436.4
2324,28447.8
2325,28459.2
2326,28470.8
2327,28482.6
2328,28494.7
2329,28506.8
2330,28519.0
2331,28531.0
2332,28542.9
2333,28554.4
2334,28566.2
2335,28577.9
2336,28590.5
2337,28603.1
2338,28615.7
2339,28628.2
2340,28640.7
2341,28653.2
2342,28665.5
2343,28677.7
2344,28689.9
2345,28702.1
2346,28714.5
2347,28726.9
2348,28739.6
2349,28752.4
2350,28765.0
2351,28777.5
2352,28789.9
2353,28802.3
2354,28814.6
2355,28826.7
2356,28838.7
2357,28850.3
2358,28861.3
2359,28871.8
2360,28881.8
2361,28891.6
2362,28901.5
2363,28912.1
2364,28923.0
2365,28934.3
2366,28945.9
2367,28957.6
2368,28969.6
2369,28981.8
2370,28994.2
2371,29006.6
2372,29019.3
2373,29032.1
2374,29044.7
2375,29057.0
2376,29068.8
2377,29080.5
2378,29092.1
2379,29103.9
2380,29116.3
2381,29129.0
2382,29142.0
2383,29155.0
2384,29168.2
2385,29181.2
2386,29194.1
2387,29206.8
2388,29219.2
2389,29231.5
2390,29243.8
2391,29256.0
2392,29267.9
2393,29279.8
2394,29291.7
2395,29303.9
2396,29315.9
2397,29328.0
2398,29339.7
2399,29351.0
2400,29362.0
2401,29372.7
2402,29383.4
2403,29394.0
2404,29404.3
2405,29414.6
2406,29424.4
2407,29434.2
2408,29443.9
2409,29454.2
2410,29464.3
2411,29474.6
2412,29485.2
2413,29495.6
2414,29505.5
2415,29515.8
2416,29526.6
2417,29537.3
2418,29548.0
2419,29559.5
2420,29571.5
2421,29583.9
2422,29596.9
2423,29610.5
2424,29623.9
2425,29637.4
2426,29650.5
2427,29663.3
2428,29676.0
2429,29689.0
2430,29702.3
2431,29716.2
2432,29730.4
2433,29744.7
2434,29759.1
2435,29773.5
2436,29787.4
2437,29800.9
2438,29814.0
2439,29827.2
2440,29840.5
2441,29853.8
2442,29867.4
2443,29880.9
2444,29894.4
2445,29907.7
2446,29920.6
2447,29932.8
2448,29944.8
2449,29957.2
2450,29969.9
2451,29982.5
2452,29995.8
2453,30009.6
2454,30023.7
2455,30037.8
2456,30052.2
2457,30066.2
2458,30079.9
2459,30093.3
2460,30107.0
2461,30120.7
2462,30134.3
2463,30147.9
2464,30161.4
2465,30174.5
2466,30187.7
2467,30201.0
2468,30214.1
2469,30227.2
2470,30240.1
2471,30252.9
2472,30265.6
2473,30278.3
2474,30291.2
2475,30304.3
2476,30317.7
2477,30330.9
2478,30344.1
2479,30357.3
2480,30370.5
2481,30383.9
2482,30397.3
2483,30410.2
2484,30422.7
2485,30434.7
2486,30447.0
2487,30459.0
2488,30470.8
2489,30482.4
2490,30493.5
2491,30503.8
2492,30513.4
2493,30522.0
2494,30529.8
2495,30537.6
2496,30544.9
2497,30553.0
2498,30560.8
2499,30570.3
2500,30580.5
2501,30591.4
2502,30602.8
2503,30614.8
2504,30627.1
2505,30639.5
2506,30652.0
2507,30664.5
2508,30676.7
2509,30688.9
2510,30701.0
2511,30712.9
2512,30725.0
2513,30737.3
2514,30749.8
2515,30762.5
2516,30775.7
2517,30789.0
2518,30801.8
2519,30814.5
2520,30827.3
2521,30839.8
2522,30852.0
2523,30864.1
2524,30876.5
2525,30889.0
2526,30901.5
2527,30914.1
2528,30926.3
2529,30938.6
2530,30950.9
2531,30963.1
2532,30975.4
2533,30987.4
2534,30999.2
2535,31011.0
2536,31022.9
2537,31034.9
2538,31047.2
2539,31059.7
2540,31072.2
2541,31084.9
2542,31097.3
2543,31109.5
2544,31121.5
2545,31133.8
2546,31146.3
2547,31158.9
2548,31171.8
2549,31184.8
2550,31197.8
2551,31210.7
2552,31223.5
2553,31236.4
2554,31249.7
2555,31262.9
2556,31275.6
2557,31288.3
2558,31300.6
2559,31312.4
2560,31324.7
2561,31337.2
2562,31349.5
2563,31361.4
2564,31372.9
2565,31384.0
2566,31395.3
2567,31406.9
2568,31419.0
2569,31431.4
2570,31444.0
2571,31456.5
2572,31468.8
2573,31480.8
2574,31492.4
2575,31503.2
2576,31513.2
2577,31522.6
2578,31531.1
2579,31538.8
2580,31546.2
2581,31553.7
2582,31561.6
2583,31570.2
2584,31580.4
2585,31590.8
2586,31602.0
2587,31613.9
2588,31626.2
2589,31638.9
2590,31652.0
2591,31665.4
2592,31678.7
2593,31692.0
2594,31705.2
2595,31718.1
2596,31730.8
2597,31743.8
2598,31757.0
2599,31770.1
2600,31783.0
2601,31796.2
2602,31809.4
2603,31823.1
2604,31836.7
2605,31850.4
2606,31864.0
2607,31877.5
2608,31891.1
2609,31904.7
2610,31918.7
2611,31932.1
2612,31945.2
2613,31958.2
2614,31971.0
2615,31984.1
2616,31997.2
2617,32010.5
2618,32024.0
2619,32038.0
2620,32051.6
2621,32065.1
2622,32078.5
2623,32091.8
2624,32104.9
2625,32117.5
2626,32129.8
2627,32142.2
2628,32154.6
2629,32167.2
2630,32179.9
2631,32193.0
2632,32206.0
2633,32219.1
2634,32232.1
2635,32245.0
2636,32257.6
2637,32270.1
2638,32282.7
2639,32295.3
2640,32308.0
2641,32321.0
2642,32334.0
2643,32347.3
2644,32360.4
2645,32373.3
2646,32385.9
2647,32398.2
2648,32410.4
2649,32422.7
2650,32434.9
2651,32447.0
2652,32459.4
2653,32471.7
2654,32483.8
2655,32495.8
2656,32507.9
2657,32519.9
2658,32531.9
2659,32543.8
2660,32555.1
2661,32566.3
2662,32577.6
2663,32589.1
2664,32600.6
2665,32612.0
2666,32623.3
2667,32634.9
2668,32647.0
2669,32659.5
2670,32671.8
2671,32683.8
2672,32695.5
2673,32706.9
2674,32718.1
2675,32729.3
2676,32740.5
2677,32751.9
2678,32763.5
2679,32775.2
2680,32787.3
2681,32799.7
2682,32812.2
2683,32824.6
2684,32836.9
2685,32849.4
2686,32861.8
2687,32874.0
2688,32886.7
2689,32898.9
2690,32910.9
2691,32922.6
2692,32934.2
2693,32945.9
2694,32957.5
2695,32969.3
2696,32981.2
2697,32993.1
2698,33005.0
2699,33016.9
2700,33028.7
2701,33040.8
2702,33053.1
2703,33065.2
2704,33077.2
2705,33089.0
2706,33100.7
2707,33112.0
2708,33122.9
2709,33133.7
2710,33144.5
2711,33155.4
2712,33166.4
2713,33177.6
2714,33188.8
2715,33199.9
2716,33211.4
2717,33222.9
2718,33234.6
2719,33246.3
2720,33257.9
2721,33269.3
2722,33280.5
2723,33291.8
2724,33303.3
2725,33315.0
2726,33326.9
2727,33339.0
2728,33351.0
2729,33363.2
2730,33375.8
2731,33388.7
2732,33401.8
2733,33414.8
2734,33427.7
2735,33440.4
2736,33452.8
2737,33464.9
2738,33477.1
2739,33488.9
2740,33500.6
2741,33512.2
2742,33523.7
2743,33535.0
2744,33546.4
2745,33557.7
2746,33568.8
2747,33579.9
2748,33590.5
2749,33600.8
2750,33610.8
2751,33620.6
2752,33630.0
2753,33639.5
2754,33649.5
2755,33660.3
2756,33671.7
2757,33683.2
2758,33695.2
2759,33707.2
2760,33719.4
2761,33731.6
2762,33743.5
2763,33755.3
2764,33766.8
2765,33778.2
2766,33789.6
2767,33801.2
2768,33812.6
2769,33823.9
2770,33834.9
2771,33845.5
2772,33856.5
2773,33867.9
2774,33879.6
2775,33891.6
2776,33904.0
2777,33916.2
2778,33928.6
2779,33940.8
2780,33952.8
2781,33964.5
2782,33976.0
2783,33987.5
2784,33998.8
2785,34010.2
2786,34021.3
2787,34032.8
2788,34044.4
2789,34055.9
2790,34067.4
2791,34079.0
2792,34090.8
2793,34102.4
2794,34114.0
2795,34125.4
2796,34136.7
2797,34147.8
2798,34158.5
2799,34169.0
2800,34179.3
2801,34189.5
2802,34199.6
2803,34209.9
2804,34220.2
2805,34230.5
2806,34240.4
2807,34249.9
2808,34259.5
2809,34269.2
2810,34278.9
2811,34289.3
2812,34300.1
2813,34311.1
2814,34322.4
2815,34334.3
2816,34346.3
2817,34358.8
2818,34371.2
2819,34383.7
2820,34396.4
2821,34409.2
2822,34422.3
2823,34435.7
2824,34449.4
2825,34463.3
2826,34477.2
2827,34491.2
2828,34505.3
2829,34519.3
2830,34533.0
2831,34546.5
2832,34560.0
2833,34573.3
2834,34586.6
2835,34599.9
2836,34613.4
2837,34627.4
2838,34641.3
2839,34655.3
2840,34669.6
2841,34683.8
2842,34697.6
2843,34711.6
2844,34724.9
2845,34738.4
2846,34751.9
2847,34765.0
2848,34778.3
2849,34791.0
2850,34803.2
2851,34815.3
2852,34827.4
2853,34840.1
2854,34852.6
2855,34865.0
2856,34877.9
2857,34890.9
2858,34904.3
2859,34917.7
2860,34930.9
2861,34944.2
2862,34957.7
2863,34971.2
2864,34984.4
2865,34997.4
2866,35010.1
2867,35023.2
2868,35036.5
2869,35050.0
2870,35063.8
2871,35077.5
2872,35091.4
2873,35105.1
2874,35118.9
2875,35132.3
2876,35145.9
2877,35159.3
2878,35172.3
2879,35185.0
2880,35197.2
2881,35208.9
2882,35220.2
2883,35231.2
2884,35241.8
2885,35251.4
2886,35260.3
2887,35268.4
2888,35275.7
2889,35282.7
2890,35289.3
2891,35296.5
2892,35304.3
2893,35313.4
2894,35323.3
2895,35334.3
2896,35345.8
2897,35357.6
2898,35369.8
2899,35382.0
2900,35394.2
2901,35406.3
2902,35418.1
2903,35429.9
2904,35441.7
2905,35453.3
2906,35464.9
2907,35477.1
2908,35490.0
2909,35502.9
2910,35515.9
2911,35529.0
2912,35542.4
2913,35555.9
2914,35569.7
2915,35583.4
2916,35596.9
2917,35610.2
2918,35623.7
2919,35637.1
2920,35650.7
2921,35664.3
2922,35677.8
2923,35691.0
2924,35704.0
2925,35717.0
2926,35729.7
2927,35742.5
2928,35755.4
2929,35768.1
2930,35780.8
2931,35793.3
2932,35805.9
2933,35818.3
2934,35831.1
2935,35843.5
2936,35855.8
2937,35867.7
2938,35879.9
2939,35892.2
2940,35904.6
2941,35917.1
2942,35929.6
2943,35942.1
2944,35954.7
2945,35967.4
2946,35980.1
2947,35992.5
2948,36004.8
2949,36016.8
2950,36029.1
2951,36041.0
2952,36052.8
2953,36064.1
2954,36075.6
2955,36086.9
2956,36097.9
2957,36109.2
2958,36120.3
2959,36131.9
2960,36144.2
2961,36156.2
2962,36168.5
2963,36180.3
2964,36192.2
2965,36204.3
2966,36216.0
2967,36227.5
2968,36238.2
2969,36248.3
2970,36257.6
2971,36266.1
2972,36273.5
2973,36280.1
2974,36286.6
2975,36293.3
2976,36301.0
2977,36309.7
2978,36319.1
2979,36329.3
2980,36340.6
2981,36352.4
2982,36364.9
2983,36377.8
2984,36390.6
2985,36403.7
2986,36416.4
2987,36429.4
2988,36442.3
2989,36455.5
2990,36468.7
2991,36482.1
2992,36495.6
2993,36508.8
2994,36521.9
2995,36535.1
2996,36548.2
2997,36561.2
2998,36573.9
2999,36586.3
3000,36598.9
3001,36611.3
3002,36623.8
3003,36636.4
3004,36649.4
3005,36662.2
3006,36674.7
3007,36687.0
3008,36699.1
3009,36711.7
3010,36724.8
3011,36737.9
3012,36751.6
3013,36765.1
3014,36778.7
3015,36792.2
3016,36805.8
3017,36819.6
3018,36833.1
3019,36846.3
3020,36859.1
3021,36871.7
3022,36884.0
3023,36896.3
3024,36908.6
3025,36921.0
3026,36933.6
3027,36946.0
3028,36958.3
3029,36970.7
3030,36983.1
3031,36995.2
3032,37007.5
3033,37020.0
3034,37032.5
3035,37045.2
3036,37058.0
3037,37070.8
3038,37083.6
3039,37096.3
3040,37109.0
3041,37121.6
3042,37134.2
3043,37146.7
3044,37159.1
3045,37171.4
3046,37183.7
3047,37196.0
3048,37208.2
3049,37220.3
3050,37232.3
3051,37244.1
3052,37255.8
3053,37267.3
3054,37278.8
3055,37289.5
3056,37300.1
3057,37311.0
3058,37322.4
3059,37334.1
3060,37345.8
3061,37357.3
3062,37369.0
3063,37381.2
3064,37393.4
3065,37405.4
3066,37417.5
3067,37429.6
3068,37441.6
3069,37453.6
3070,37465.7
3071,37477.8
3072,37489.7
3073,37502.1
3074,37514.8
3075,37527.8
3076,37540.8
3077,37553.6
3078,37566.2
3079,37578.7
3080,37590.9
3081,37603.1
3082,37615.0
3083,37627.0
3084,37639.1
3085,37651.1
3086,37662.6
3087,37674.0
3088,37685.3
3089,37696.4
3090,37707.7
3091,37718.8
3092,37730.2
3093,37741.2
3094,37751.9
3095,37762.5
3096,37773.1
3097,37784.0
3098,37794.9
3099,37805.9
3100,37816.8
3101,37827.8
3102,37838.5
3103,37848.6
3104,37858.6
3105,37868.7
3106,37879.0
3107,37889.5
3108,37900.0
3109,37910.4
3110,37920.9
3111,37931.4
3112,37941.7
3113,37952.1
3114,37962.7
3115,37973.6
3116,37984.3
3117,37995.1
3118,38006.0
3119,38016.8
3120,38027.6
3121,38038.7
3122,38049.8
3123,38061.0
3124,38072.1
3125,38083.2
3126,38094.6
3127,38106.1
3128,38118.0
3129,38129.9
3130,38142.2
3131,38154.7
3132,38167.1
3133,38179.5
3134,38191.6
3135,38203.6
3136,38215.3
3137,38226.9
3138,38238.4
3139,38249.9
3140,38261.4
3141,38273.2
3142,38285.1
3143,38297.1
3144,38308.9
3145,38320.8
3146,38332.2
3147,38343.7
3148,38354.8
3149,38365.6
3150,38376.1
3151,38386.7
3152,38397.9
3153,38409.4
3154,38421.4
3155,38433.6
3156,38446.0
3157,38458.5
3158,38471.3
3159,38484.3
3160,38497.5
3161,38510.8
3162,38524.0
3163,38537.2
3164,38550.3
3165,38563.4
3166,38576.2
3167,38589.5
3168,38602.7
3169,38616.0
3170,38629.3
3171,38642.7
3172,38656.1
3173,38669.3
3174,38682.4
3175,38695.5
3176,38708.5
3177,38721.3
3178,38733.9
3179,38746.2
3180,38758.2
3181,38770.3
3182,38782.4
3183,38794.4
3184,38806.2
3185,38817.6
3186,38828.7
3187,38839.6
3188,38850.2
3189,38860.8
3190,38871.4
3191,38881.8
3192,38891.8
3193,38901.5
3194,38911.0
3195,38920.4
3196,38929.9
3197,38938.7
3198,38947.5
3199,38956.5
3200,38965.6
3201,38974.6
3202,38983.6
3203,38993.1
3204,39002.9
3205,39012.9
3206,39022.9
3207,39033.4
3208,39043.9
3209,39054.6
3210,39065.8
3211,39077.7
3212,39090.2
3213,39103.0
3214,39116.0
3215,39128.6
3216,39141.3
3217,39154.3
3218,39167.3
3219,39180.7
3220,39194.0
3221,39207.6
3222,39221.9
3223,39236.4
3224,39250.7
3225,39264.6
3226,39278.6
3227,39292.8
3228,39306.8
3229,39321.0
3230,39335.4
3231,39349.7
3232,39364.1
3233,39378.3
3234,39392.4
3235,39406.4
3236,39420.4
3237,39434.0
3238,39447.6
3239,39461.1
3240,39474.8
3241,39488.6
3242,39502.3
3243,39516.0
3244,39529.5
3245,39542.8
3246,39556.0
3247,39569.2
3248,39582.0
3249,39594.8
3250,39607.8
3251,39620.5
3252,39633.1
3253,39645.7
3254,39658.8
3255,39671.8
3256,39685.3
3257,39698.5
3258,39711.7
3259,39724.7
3260,39737.5
3261,39750.7
3262,39764.1
3263,39777.5
3264,39791.5
3265,39805.6
3266,39820.0
3267,39834.0
3268,39848.1
3269,39861.8
3270,39875.2
3271,39888.4
3272,39901.2
3273,39913.5
3274,39925.7
3275,39937.5
3276,39949.5
3277,39961.3
3278,39972.6
3279,39983.1
3280,39992.9
3281,40001.7
3282,40009.9
3283,40018.2
3284,40026.5
3285,40035.7
3286,40045.5
3287,40056.3
3288,40067.4
3289,40078.9
3290,40091.0
3291,40103.2
3292,40115.6
3293,40127.9
3294,40140.2
3295,40152.3
3296,40164.5
3297,40176.5
3298,40188.7
3299,40201.3
3300,40214.3
3301,40227.5
3302,40240.5
3303,40253.3
3304,40266.4
3305,40279.7
3306,40293.0
3307,40306.7
3308,40320.0
3309,40333.5
3310,40347.2
3311,40361.3
3312,40375.5
3313,40389.5
3314,40403.3
3315,40416.6
3316,40429.7
3317,40442.7
3318,40455.4
3319,40468.2
3320,40481.0
3321,40493.5
3322,40506.1
3323,40518.9
3324,40531.8
3325,40544.5
3326,40557.2
3327,40570.0
3328,40582.8
3329,40596.0
3330,40609.1
3331,40622.3
3332,40635.5
3333,40648.5
3334,40661.5
3335,40674.2
3336,40686.9
3337,40699.5
3338,40712.4
3339,40725.2
3340,40738.0
3341,40750.5
3342,40762.8
3343,40774.9
3344,40786.9
3345,40798.9
3346,40811.6
3347,40824.2
3348,40836.6
3349,40849.0
3350,40861.0
3351,40873.3
3352,40884.9
3353,40897.2
3354,40909.6
3355,40921.9
3356,40934.2
3357,40946.8
3358,40958.9
3359,40970.2
3360,40980.8
3361,40990.6
3362,40999.6
3363,41007.4
3364,41014.3
3365,41021.3
3366,41028.0
3367,41035.0
3368,41043.8
3369,41053.3
3370,41063.4
3371,41074.3
3372,41086.0
3373,41098.1
3374,41111.4
3375,41124.3
3376,41137.4
3377,41150.2
3378,41163.2
3379,41176.4
3380,41189.5
3381,41202.6
3382,41216.2
3383,41229.3
3384,41242.3
3385,41255.3
3386,41268.5
3387,41281.7
3388,41294.7
3389,41307.6
3390,41320.5
3391,41333.6
3392,41346.6
3393,41359.8
3394,41372.8
3395,41385.9
3396,41398.9
3397,41411.3
3398,41423.2
3399,41435.5
3400,41448.2
3401,41460.7
3402,41473.6
3403,41487.0
3404,41500.5
3405,41514.1
3406,41527.2
3407,41540.3
3408,41553.3
3409,41565.9
3410,41578.4
3411,41590.9
3412,41602.9
3413,41614.7
3414,41626.4
3415,41638.3
3416,41650.3
3417,41662.3
3418,41674.5
3419,41686.7
3420,41699.1
3421,41711.5
3422,41723.9
3423,41736.5
3424,41749.2
3425,41762.0
3426,41775.0
3427,41788.1
3428,41801.0
3429,41813.9
3430,41826.7
3431,41839.4
3432,41852.0
3433,41864.7
3434,41877.5
3435,41890.1
3436,41902.7
3437,41915.3
3438,41927.9
3439,41940.3
3440,41952.6
3441,41965.1
3442,41977.8
3443,41990.6
3444,42003.1
3445,42015.7
3446,42028.1
3447,42040.1
3448,42052.3
3449,42064.5
3450,42076.5
3451,42088.5
3452,42099.8
3453,42111.7
3454,42123.5
3455,42135.4
3456,42146.8
3457,42158.6
3458,42170.0
3459,42181.6
3460,42193.4
3461,42205.1
3462,42216.8
3463,42228.5
3464,42240.4
3465,42252.4
3466,42264.4
3467,42276.2
3468,42287.9
3469,42299.7
3470,42311.6
3471,42323.5
3472,42335.5
3473,42347.6
3474,42359.9
3475,42372.0
3476,42384.0
3477,42395.7
3478,42407.2
3479,42418.7
3480,42430.0
3481,42440.7
3482,42451.1
3483,42461.5
3484,42471.8
3485,42481.9
3486,42491.8
3487,42501.3
3488,42510.9
3489,42520.7
3490,42530.5
3491,42540.3
3492,42549.9
3493,42559.4
3494,42568.9
3495,42578.4
3496,42588.0
3497,42597.7
3498,42607.5
3499,42617.8
3500,42628.7
3501,42639.7
3502,42651.0
3503,42662.2
3504,42673.4
3505,42684.5
3506,42695.7
3507,42706.7
3508,42717.9
3509,42729.0
3510,42740.2
3511,42751.1
3512,42761.9
3513,42772.9
3514,42783.9
3515,42795.4
3516,42806.7
3517,42817.8
3518,42829.2
3519,42840.5
3520,42852.2
3521,42863.6
3522,42875.2
3523,42886.9
3524,42898.5
3525,42910.3
3526,42921.9
3527,42933.5
3528,42944.9
3529,42956.4
3530,42967.8
3531,42979.3
3532,42990.9
3533,43002.4
3534,43014.1
3535,43025.7
3536,43037.2
3537,43048.8
3538,43060.2
3539,43071.5
3540,43082.8
3541,43093.9
3542,43105.0
3543,43116.3
3544,43127.4
3545,43138.6
3546,43149.8
3547,43160.9
3548,43171.9
3549,43182.9
3550,43193.8
3551,43204.9
3552,43215.9
3553,43227.1
3554,43238.6
3555,43250.3
3556,43262.2
3557,43274.4
3558,43287.0
3559,43299.7
3560,43312.1
3561,43324.7
3562,43337.7
3563,43351.4
3564,43365.0
3565,43378.9
3566,43392.9
3567,43406.6
3568,43420.3
3569,43433.9
3570,43447.1
3571,43460.0
3572,43472.3
3573,43484.4
3574,43496.4
3575,43507.9
3576,43519.4
3577,43530.6
3578,43541.7
3579,43552.7
3580,43563.3
3581,43573.3
3582,43583.6
3583,43594.2
3584,43604.8
3585,43615.1
3586,43625.6
3587,43635.9
3588,43646.2
3589,43656.7
3590,43667.3
3591,43677.9
3592,43688.6
3593,43699.6
3594,43710.6
3595,43721.5
3596,43732.3
3597,43743.1
3598,43754.1
3599,43765.9
3600,43777.4
3601,43789.3
3602,43801.9
3603,43815.1
3604,43828.8
3605,43842.6
3606,43856.6
3607,43870.7
3608,43884.8
3609,43898.9
3610,43913.0
3611,43927.0
3612,43941.3
3613,43955.8
3614,43970.5
3615,43985.2
3616,43999.6
3617,44013.8
3618,44027.9
3619,44041.8
3620,44055.5
3621,44068.9
3622,44082.3
3623,44095.7
3624,44109.0
3625,44122.0
3626,44134.8
3627,44147.5
3628,44159.5
3629,44171.4
3630,44183.0
3631,44194.6
3632,44205.9
3633,44217.4
3634,44228.9
3635,44240.3
3636,44251.7
3637,44262.6
3638,44273.0
3639,44283.2
3640,44293.2
3641,44303.3
3642,44313.9
3643,44324.6
3644,44335.3
3645,44345.9
3646,44356.4
3647,44367.1
3648,44377.9
3649,44388.8
3650,44399.9
3651,44410.9
3652,44421.3
3653,44432.3
3654,44443.4
3655,44454.3
3656,44465.0
3657,44475.7
3658,44486.6
3659,44497.5
3660,44508.9
3661,44520.6
3662,44532.7
3663,44545.2
3664,44557.7
3665,44570.2
3666,44582.6
3667,44595.3
3668,44608.2
3669,44621.1
3670,44633.5
3671,44646.2
3672,44658.8
3673,44671.2
3674,44683.6
3675,44695.5
3676,44707.3
3677,44718.3
3678,44728.7
3679,44738.2
3680,44746.6
3681,44754.2
3682,44762.1
3683,44770.7
3684,44780.7
3685,44790.7
3686,44801.3
3687,44812.3
3688,44823.8
3689,44835.7
3690,44848.0
3691,44860.3
3692,44872.1
3693,44884.3
3694,44896.6
3695,44909.3
3696,44921.9
3697,44935.2
3698,44949.0
3699,44963.2
3700,44977.5
3701,44991.9
3702,45006.8
3703,45021.8
3704,45036.7
3705,45051.6
3706,45066.7
3707,45081.6
3708,45096.9
3709,45112.2
3710,45127.8
3711,45143.3
3712,45158.8
3713,45174.3
3714,45189.8
3715,45205.3
3716,45220.8
3717,45236.2
3718,45251.8
3719,45267.3
3720,45282.7
3721,45298.3
3722,45313.6
3723,45328.8
3724,45344.2
3725,45359.6
3726,45375.2
3727,45390.6
3728,45406.1
3729,45421.5
3730,45436.8
3731,45452.6
3732,45468.4
3733,45484.4
3734,45500.0
3735,45515.4
3736,45530.7
3737,45545.8
3738,45560.7
3739,45575.6
3740,45590.5
3741,45604.8
3742,45619.1
3743,45633.8
3744,45648.6
3745,45663.3
3746,45677.5
3747,45691.8
3748,45704.0
3749,45714.4
3750,45724.1
3751,45733.0
3752,45741.2
3753,45748.9
3754,45756.1
3755,45763.1
3756,45770.0
3757,45776.7
3758,45782.9
3759,45789.1
