,altitude,cadence,distance,grade_smooth,heartrate,lat,lon,moving,temp,time,velocity_smooth,watts
0,8.8,9,3552.5,-2.9,110,51.453699,-0.257383,True,19,564,9.6,7
1,8.3,81,3562.8,-3.6,110,51.45365,-0.25751,True,19,565,9.8,222
2,7.8,89,3573.5,-3.7,110,51.453607,-0.257648,True,19,566,10.1,422
3,7.5,68,3584.6,-2.7,111,51.453563,-0.25779,True,19,567,10.4,304
4,7.2,74,3595.8,-1.8,112,51.453517,-0.257933,True,19,568,10.7,440
5,7.1,78,3607.2,-1.5,113,51.453469,-0.258078,True,19,569,10.9,385
6,7.0,77,3619.2,-1.1,114,51.453416,-0.258228,True,19,570,11.3,293
7,6.8,79,3631.3,-0.6,115,51.453363,-0.25838,True,19,571,11.6,283
8,6.7,79,3643.4,-0.2,117,51.453312,-0.258534,True,19,572,11.8,275
9,6.8,80,3655.5,0.2,117,51.453262,-0.258689,True,19,573,11.9,353
10,6.9,77,3667.6,0.4,119,51.45321,-0.258842,True,19,574,12.1,374
11,6.9,78,3679.6,-1.3,120,51.453159,-0.258994,True,19,575,12.1,369
12,6.9,80,3691.3,-1.9,123,51.453114,-0.259147,True,19,576,12.0,242
13,6.2,78,3703.1,-1.9,124,51.453073,-0.259302,True,19,577,11.9,383
14,6.0,81,3715.0,-1.9,124,51.453034,-0.259463,True,19,578,11.9,569
15,6.0,81,3727.3,-0.4,126,51.452998,-0.259629,True,19,579,11.9,421
16,6.0,77,3739.8,0.2,127,51.452959,-0.259798,True,19,580,12.0,189
17,6.0,82,3752.1,0.2,128,51.452922,-0.259966,True,19,581,12.2,333
18,6.1,81,3764.4,0.2,130,51.45289,-0.260135,True,19,582,12.3,428
19,6.1,81,3776.8,0.4,131,51.452857,-0.260305,True,19,583,12.4,416
20,6.1,79,3789.1,0.2,132,51.452818,-0.260472,True,19,584,12.4,386
21,6.2,81,3801.4,0.4,133,51.452782,-0.260639,True,19,585,12.3,403
22,6.2,81,3813.9,0.6,133,51.452745,-0.260808,True,19,586,12.4,397
23,6.3,80,3826.2,0.4,135,51.452708,-0.260975,True,19,587,12.4,399
24,6.4,81,3838.6,0.6,136,51.452673,-0.261144,True,19,588,12.4,513
25,6.4,81,3851.1,0.4,136,51.452637,-0.261315,True,19,589,12.4,480
26,6.5,82,3863.6,0.4,137,51.452603,-0.261486,True,19,590,12.4,453
27,6.5,82,3876.2,0.8,138,51.45257,-0.26166,True,19,591,12.5,383
28,6.6,82,3888.8,1.0,138,51.452537,-0.261833,True,19,592,12.5,383
29,6.8,78,3901.5,1.2,138,51.452502,-0.262006,True,19,593,12.6,246
30,7.0,82,3914.0,1.4,139,51.452467,-0.262178,True,19,594,12.6,254
31,7.1,78,3926.3,1.6,139,51.452434,-0.262347,True,19,595,12.5,251
32,7.3,78,3938.4,2.5,139,51.452404,-0.262514,True,19,596,12.4,270
33,7.6,78,3950.4,2.9,139,51.452374,-0.262679,True,19,597,12.3,213
34,8.2,82,3962.2,3.0,140,51.452345,-0.262843,True,19,598,12.1,235
35,8.5,81,3973.9,2.6,139,51.452318,-0.263006,True,19,599,12.0,215
36,8.7,86,3985.4,1.8,140,51.452293,-0.263166,True,19,600,11.8,215
37,8.8,86,3996.7,1.3,140,51.452268,-0.263324,True,19,601,11.7,246
38,9.0,84,4007.9,1.4,139,51.452244,-0.26348,True,19,602,11.5,246
39,9.1,81,4018.9,1.4,139,51.452219,-0.263633,True,19,603,11.3,199
40,9.3,82,4029.8,1.4,139,51.452192,-0.263784,True,19,604,11.2,182
41,9.4,80,4040.4,1.4,140,51.452168,-0.263932,True,19,605,11.0,335
42,9.6,77,4050.9,1.2,139,51.452147,-0.264079,True,19,606,10.8,450
43,9.7,81,4061.3,1.4,139,51.452127,-0.264225,True,19,607,10.7,475
44,9.8,81,4071.7,1.4,139,51.452105,-0.264371,True,19,608,10.6,454
45,10.0,78,4082.2,2.4,139,51.452083,-0.264517,True,19,609,10.5,454
46,10.2,79,4092.6,3.6,139,51.452061,-0.264662,True,19,610,10.4,475
47,10.7,81,4103.0,4.1,140,51.452038,-0.264808,True,19,611,10.4,482
48,11.3,82,4113.5,4.3,139,51.452014,-0.264955,True,19,612,10.4,514
49,11.7,81,4124.1,3.5,140,51.451992,-0.265103,True,19,613,10.5,447
50,12.0,84,4134.8,2.6,140,51.45197,-0.265253,True,19,614,10.5,408
51,12.2,82,4145.6,2.6,140,51.451951,-0.265405,True,19,615,10.6,387
52,12.4,80,4156.3,3.2,140,51.451934,-0.265556,True,19,616,10.7,385
53,12.8,83,4167.1,4.2,141,51.451917,-0.26571,True,19,617,10.7,378
54,13.4,83,4178.1,4.4,141,51.451902,-0.265865,True,19,618,10.8,395
55,14.0,82,4188.9,3.9,141,51.451888,-0.26602,True,19,619,10.8,335
56,14.3,75,4199.8,3.0,142,51.451875,-0.266174,True,19,620,10.8,282
57,14.5,75,4210.4,1.9,142,51.451867,-0.266327,True,19,621,10.8,299
58,14.7,76,4221.0,1.4,142,51.451863,-0.26648,True,19,622,10.8,292
59,14.8,76,4231.7,1.2,142,51.451862,-0.266633,True,19,623,10.7,295
60,14.9,78,4242.5,0.7,143,51.451863,-0.266788,True,19,624,10.7,279
61,15.0,74,4253.4,0.5,143,51.451867,-0.266945,True,19,625,10.7,215
62,15.0,81,4264.4,0.2,143,51.451874,-0.267103,True,19,626,10.8,359
63,15.0,80,4275.5,-0.7,143,51.451883,-0.267262,True,19,627,10.9,301
64,15.0,79,4286.7,-1.3,143,51.451891,-0.267423,True,19,628,11.0,281
65,14.7,81,4297.9,-1.8,143,51.451896,-0.267584,True,19,629,11.1,249
66,14.4,80,4309.4,-2.0,143,51.451899,-0.267749,True,19,630,11.2,252
67,14.2,82,4320.8,-1.1,144,51.451903,-0.267913,True,19,631,11.3,354
68,14.1,82,4332.4,0.4,143,51.451906,-0.26808,True,19,632,11.4,352
69,14.2,83,4344.1,1.7,143,51.451908,-0.268249,True,19,633,11.5,349
70,14.6,82,4355.9,2.6,143,51.451909,-0.268418,True,19,634,11.6,345
71,15.0,82,4367.6,2.8,143,51.451909,-0.268587,True,19,635,11.6,372
72,15.3,82,4379.3,2.6,144,51.451907,-0.268755,True,19,636,11.7,337
73,15.5,81,4391.0,2.1,144,51.451905,-0.268923,True,19,637,11.7,337
74,15.8,83,4402.7,2.1,144,51.451902,-0.269091,True,19,638,11.7,378
75,16.0,81,4414.4,2.4,144,51.451897,-0.269259,True,19,639,11.7,337
76,16.3,82,4426.0,2.4,144,51.45189,-0.269425,True,19,640,11.7,346
77,16.6,81,4437.5,2.4,145,51.451882,-0.269591,True,19,641,11.6,362
78,16.9,79,4449.0,2.2,144,51.451874,-0.269755,True,19,642,11.6,359
79,17.1,80,4460.4,2.0,145,51.451864,-0.269918,True,19,643,11.5,357
80,17.3,81,4471.7,1.5,144,51.451854,-0.270081,True,19,644,11.5,371
81,17.5,80,4483.1,1.5,145,51.451844,-0.270244,True,19,645,11.4,362
82,17.6,80,4494.4,1.5,145,51.451834,-0.270406,True,19,646,11.4,330
83,17.8,80,4505.7,1.6,145,51.451823,-0.270568,True,19,647,11.3,330
84,18.0,82,4517.0,1.6,145,51.451811,-0.270728,True,19,648,11.3,252
85,18.2,84,4528.1,1.6,146,51.451798,-0.270887,True,19,649,11.3,386
86,18.3,83,4539.2,1.8,146,51.451783,-0.271044,True,19,650,11.2,373
87,18.5,85,4550.2,2.3,146,51.451769,-0.271201,True,19,651,11.2,393
88,18.8,82,4561.1,3.4,146,51.451756,-0.271357,True,19,652,11.1,346
89,19.2,82,4572.0,4.3,146,51.451741,-0.271512,True,19,653,11.0,378
90,19.8,83,4582.9,4.6,147,51.451727,-0.271667,True,19,654,11.0,378
91,20.4,83,4593.9,4.6,146,51.451711,-0.271823,True,19,655,10.9,367
92,20.8,82,4604.8,3.4,147,51.451696,-0.271978,True,19,656,10.9,373
93,21.2,82,4615.6,2.3,147,51.45168,-0.272131,True,19,657,10.9,374
94,21.3,82,4626.4,1.6,147,51.451664,-0.272285,True,19,658,10.9,365
95,21.4,82,4637.2,0.9,147,51.45165,-0.272438,True,19,659,10.9,376
96,21.5,83,4648.0,0.9,147,51.451634,-0.272592,True,19,660,10.8,379
97,21.6,81,4658.9,0.9,147,51.451613,-0.272744,True,19,661,10.8,371
98,21.7,82,4669.8,1.1,148,51.451588,-0.272896,True,19,662,10.8,364
99,21.8,84,4680.7,1.4,148,51.451564,-0.273048,True,19,663,10.9,387
100,22.0,83,4691.5,2.1,149,51.451543,-0.2732,True,19,664,10.9,387
101,22.2,81,4702.4,3.0,149,51.451523,-0.273353,True,19,665,10.9,361
102,22.6,82,4713.1,3.7,150,51.451502,-0.273505,True,19,666,10.8,350
103,23.1,83,4724.0,4.2,150,51.451479,-0.273657,True,19,667,10.8,362
104,23.6,82,4734.9,4.1,150,51.451456,-0.273808,True,19,668,10.8,364
105,24.0,82,4745.6,3.2,150,51.451434,-0.273959,True,19,669,10.8,379
106,24.4,83,4756.5,2.3,150,51.451413,-0.274111,True,19,670,10.8,355
107,24.5,83,4767.3,1.6,149,51.451389,-0.274263,True,19,671,10.8,322
108,24.6,82,4778.3,0.9,150,51.451365,-0.274415,True,19,672,10.9,311
109,24.7,85,4789.4,0.9,150,51.451342,-0.274571,True,19,673,10.9,274
110,24.8,85,4800.5,0.9,149,51.451316,-0.274725,True,19,674,11.0,290
111,24.9,83,4811.3,0.9,150,51.451291,-0.274876,True,19,675,11.0,290
112,25.0,85,4822.3,1.4,149,51.451264,-0.275028,True,19,676,11.0,305
113,25.1,86,4833.4,1.6,149,51.451236,-0.275181,True,19,677,11.0,329
114,25.4,85,4844.5,1.8,149,51.45121,-0.275336,True,19,678,11.0,279
115,25.6,86,4855.7,1.8,150,51.451182,-0.275489,True,19,679,11.0,277
116,25.8,86,4866.9,1.3,149,51.451151,-0.275644,True,19,680,11.1,296
117,25.9,86,4878.3,0.9,149,51.451119,-0.275798,True,19,681,11.2,298
118,26.0,84,4889.5,0.2,149,51.451089,-0.275953,True,19,682,11.2,298
119,26.0,85,4900.7,-0.2,149,51.45106,-0.276107,True,19,683,11.2,303
120,25.9,86,4911.9,-0.7,149,51.451032,-0.276261,True,19,684,11.2,292
121,25.8,85,4923.1,-0.9,149,51.451003,-0.276415,True,19,685,11.2,287
122,25.7,86,4934.3,-0.9,149,51.45097,-0.276569,True,19,686,11.2,273
123,25.6,85,4945.5,-0.9,149,51.450938,-0.276722,True,19,687,11.2,260
124,25.5,83,4956.7,-0.9,149,51.450908,-0.276875,True,19,688,11.2,260
125,25.4,85,4967.9,-0.9,149,51.450878,-0.277028,True,19,689,11.2,290
126,25.3,83,4979.0,-0.9,150,51.450849,-0.277182,True,19,690,11.2,286
127,25.2,82,4990.2,-0.7,149,51.450818,-0.277335,True,19,691,11.2,284
128,25.1,82,5001.2,-0.5,149,51.450788,-0.277485,True,19,692,11.1,303
129,25.1,80,5011.9,-0.5,149,51.450759,-0.277633,True,19,693,11.0,300
130,25.1,85,5022.5,0.2,149,51.450731,-0.277778,True,19,694,10.9,231
131,25.0,86,5032.9,1.7,149,51.450702,-0.277921,True,19,695,10.8,367
132,25.2,82,5043.2,2.7,149,51.450673,-0.278062,True,19,696,10.6,324
133,25.8,81,5053.3,3.7,149,51.450645,-0.278199,True,19,697,10.4,324
134,26.2,80,5063.2,4.5,149,51.450617,-0.278335,True,19,698,10.3,301
135,26.5,93,5073.1,4.9,149,51.450587,-0.278469,True,19,699,10.1,309
136,27.0,89,5082.8,5.7,149,51.450558,-0.2786,True,19,700,10.0,352
137,27.7,87,5092.4,6.5,149,51.450528,-0.27873,True,19,701,9.8,327
138,28.4,86,5101.9,7.2,150,51.4505,-0.278858,True,19,702,9.7,356
139,29.0,86,5111.3,7.0,149,51.450471,-0.278986,True,19,703,9.6,340
140,29.7,83,5120.5,6.8,150,51.450443,-0.279111,True,20,704,9.5,325
141,30.3,83,5129.5,6.9,149,51.450417,-0.279233,True,19,705,9.3,349
142,30.9,81,5138.5,6.8,149,51.450388,-0.279354,True,20,706,9.2,329
143,31.5,81,5147.4,6.5,150,51.45036,-0.279474,True,20,707,9.1,338
144,32.1,81,5156.0,6.0,150,51.450333,-0.279591,True,20,708,8.9,337
145,32.6,81,5164.7,5.8,150,51.450305,-0.279706,True,20,709,8.8,334
146,33.0,81,5173.4,5.8,150,51.450276,-0.279822,True,20,710,8.8,340
147,33.5,81,5182.0,6.0,149,51.450247,-0.279939,True,20,711,8.7,329
148,34.1,81,5190.7,6.6,149,51.450219,-0.280054,True,20,712,8.7,313
149,34.7,83,5199.5,6.5,149,51.450188,-0.280172,True,20,713,8.7,332
150,35.3,83,5208.4,5.4,149,51.450158,-0.28029,True,20,714,8.7,330
151,35.8,83,5217.3,4.5,149,51.450127,-0.280408,True,20,715,8.8,332
152,36.0,82,5226.2,3.7,149,51.450096,-0.280525,True,20,716,8.8,327
153,36.3,82,5235.0,3.1,149,51.450064,-0.280641,True,20,717,8.9,323
154,36.6,83,5243.7,4.0,149,51.450032,-0.280756,True,20,718,8.8,321
155,36.9,83,5252.6,4.8,149,51.45,-0.280873,True,20,719,8.8,317
156,37.4,84,5261.5,5.6,150,51.449968,-0.28099,True,20,720,8.8,317
157,38.0,83,5270.5,6.1,149,51.449933,-0.281108,True,20,721,8.9,297
158,38.6,86,5279.6,5.2,150,51.449897,-0.281225,True,20,722,8.9,268
159,39.1,82,5288.7,4.4,150,51.449861,-0.281342,True,20,723,9.0,284
160,39.3,83,5297.8,3.3,150,51.449821,-0.281457,True,20,724,9.0,294
161,39.6,83,5306.9,2.5,150,51.449781,-0.281571,True,20,725,9.1,308
162,39.8,83,5315.9,2.5,150,51.449743,-0.281684,True,20,726,9.1,290
163,40.0,85,5324.9,3.3,150,51.449704,-0.281799,True,20,727,9.1,257
164,40.2,82,5334.1,4.2,150,51.449663,-0.281914,True,20,728,9.1,271
165,40.8,81,5343.2,5.0,150,51.449623,-0.282027,True,20,729,9.1,253
166,41.3,92,5352.0,5.7,151,51.449585,-0.282139,True,20,730,9.0,316
167,41.8,91,5360.7,4.9,151,51.449546,-0.282248,True,20,731,9.0,347
168,42.2,90,5369.4,4.1,151,51.449508,-0.282356,True,20,732,8.9,314
169,42.5,87,5377.8,3.3,151,51.449471,-0.282462,True,20,733,8.7,231
170,42.7,92,5386.0,2.8,151,51.449435,-0.282565,True,20,734,8.6,371
171,42.9,93,5394.1,2.2,151,51.449398,-0.282664,True,20,735,8.4,368
172,43.1,92,5401.8,2.0,151,51.449364,-0.282762,True,20,736,8.2,312
173,43.2,91,5409.4,2.0,151,51.449329,-0.282856,True,20,737,8.0,423
174,43.3,90,5416.7,2.4,151,51.449295,-0.282945,True,20,738,7.8,378
175,43.5,86,5423.7,2.8,151,51.449262,-0.283031,True,20,739,7.5,471
176,43.8,89,5430.6,3.6,151,51.449232,-0.283118,True,20,740,7.3,515
177,44.0,86,5437.5,4.4,152,51.449202,-0.283205,True,20,741,7.1,519
178,44.3,87,5444.4,4.7,152,51.449172,-0.283291,True,20,742,7.0,500
179,44.7,85,5451.2,5.5,152,51.449141,-0.283377,True,20,743,6.9,512
180,45.1,85,5458.1,5.9,152,51.449111,-0.283463,True,20,744,6.9,502
181,45.5,84,5465.0,5.9,153,51.449082,-0.28355,True,20,745,6.9,502
182,45.9,81,5471.7,5.6,153,51.449054,-0.283636,True,20,746,6.8,498
183,46.3,81,5478.2,5.3,153,51.44903,-0.283722,True,20,747,6.8,504
184,46.6,81,5484.8,5.0,153,51.449007,-0.28381,True,20,748,6.7,504
185,46.9,81,5491.3,4.6,153,51.448985,-0.283896,True,20,749,6.6,496
186,47.2,81,5497.7,4.6,154,51.448966,-0.283983,True,20,750,6.5,489
187,47.5,81,5504.3,4.7,154,51.448945,-0.284071,True,20,751,6.5,470
188,47.8,81,5510.8,4.6,154,51.448925,-0.284159,True,20,752,6.5,493
189,48.1,82,5517.1,4.2,155,51.448909,-0.284246,True,20,753,6.5,501
190,48.4,84,5523.8,4.1,155,51.448889,-0.284337,True,20,754,6.5,491
191,48.6,87,5530.5,3.7,155,51.448871,-0.284429,True,20,755,6.6,401
192,48.9,84,5537.4,3.7,155,51.448853,-0.284524,True,20,756,6.6,384
193,49.1,86,5544.2,4.0,156,51.448837,-0.284618,True,20,757,6.7,392
194,49.4,87,5551.1,3.6,156,51.448822,-0.284714,True,20,758,6.8,378
195,49.7,88,5557.9,4.0,155,51.44881,-0.284812,True,20,759,6.8,379
196,49.9,86,5564.9,3.6,156,51.448801,-0.284911,True,20,760,6.9,344
197,50.2,86,5572.0,3.2,156,51.448791,-0.285011,True,20,761,6.9,322
198,50.4,86,5578.9,3.2,156,51.448782,-0.28511,True,20,762,6.9,318
199,50.6,85,5585.8,2.9,156,51.448775,-0.285208,True,20,763,6.9,326
200,50.8,85,5592.6,2.9,155,51.448768,-0.285306,True,20,764,6.9,310
201,51.0,84,5599.4,3.3,155,51.448763,-0.285403,True,20,765,6.9,310
202,51.2,85,5606.1,3.3,156,51.448759,-0.285499,True,20,766,6.8,301
203,51.5,87,5612.9,3.3,156,51.448755,-0.285597,True,20,767,6.8,298
204,51.7,87,5619.7,2.9,156,51.448751,-0.285694,True,20,768,6.8,266
205,51.9,83,5626.7,2.2,155,51.448748,-0.285794,True,20,769,6.8,232
206,52.0,88,5633.6,2.2,155,51.448746,-0.285895,True,20,770,6.8,244
207,52.1,87,5640.6,2.1,156,51.448743,-0.285995,True,20,771,6.9,260
208,52.3,87,5647.6,2.5,155,51.448741,-0.286095,True,20,772,6.9,256
209,52.5,84,5654.7,2.8,155,51.44874,-0.286197,True,20,773,7.0,249
210,52.7,82,5661.8,2.4,155,51.448738,-0.286299,True,20,774,7.0,299
211,52.9,82,5668.9,1.7,155,51.448736,-0.286402,True,20,775,7.1,276
212,53.0,85,5676.2,1.0,155,51.448734,-0.286507,True,20,776,7.1,276
213,53.0,86,5683.7,0.3,155,51.448732,-0.286615,True,20,777,7.2,255
214,53.0,90,5691.4,0.0,155,51.448731,-0.286725,True,20,778,7.3,250
215,53.0,91,5699.2,0.0,154,51.44873,-0.286838,True,20,779,7.5,218
216,53.0,91,5707.3,0.6,154,51.448732,-0.286954,True,20,780,7.7,194
217,53.0,95,5715.5,1.2,154,51.448734,-0.287072,True,20,781,7.9,196
218,53.2,93,5723.8,1.8,154,51.448736,-0.287191,True,20,782,8.0,186
219,53.4,87,5732.1,2.1,154,51.448738,-0.28731,True,20,783,8.1,215
220,53.6,89,5740.4,1.8,154,51.448741,-0.287431,True,20,784,8.2,234
221,53.7,89,5748.9,1.2,153,51.448742,-0.287553,True,20,785,8.3,215
222,53.8,92,5757.5,0.3,153,51.448742,-0.287676,True,20,786,8.4,205
223,53.8,85,5766.4,0.0,154,51.448744,-0.287803,True,20,787,8.5,146
224,53.7,83,5775.3,-0.3,154,51.448747,-0.287932,True,20,788,8.6,207
225,53.7,88,5784.5,-0.3,153,51.448751,-0.288064,True,20,789,8.8,176
226,53.7,90,5794.0,0.0,153,51.448759,-0.2882,True,20,790,9.0,123
227,53.7,91,5803.7,0.0,153,51.448767,-0.288339,True,20,791,9.2,117
228,53.7,91,5813.6,0.0,154,51.448775,-0.288481,True,20,792,9.4,90
229,53.7,83,5823.8,-0.2,153,51.448785,-0.288627,True,20,793,9.7,90
230,53.7,87,5834.2,-0.2,153,51.448797,-0.288775,True,20,794,9.9,114
231,53.6,88,5844.8,-0.2,153,51.44881,-0.288926,True,20,795,10.2,137
232,53.6,89,5855.6,-0.2,153,51.448825,-0.28908,True,20,796,10.4,124
233,53.6,88,5866.5,-0.2,152,51.44884,-0.289234,True,20,797,10.6,114
234,53.6,90,5877.5,-0.2,153,51.448855,-0.289391,True,20,798,10.7,129
235,53.5,90,5888.5,-0.2,152,51.44887,-0.289547,True,20,799,10.9,147
236,53.5,87,5899.4,-0.5,152,51.448886,-0.289702,True,20,800,10.9,147
237,53.5,87,5909.9,-0.2,152,51.4489,-0.289851,True,20,801,10.9,157
238,53.4,86,5920.2,-0.2,152,51.448913,-0.289998,True,20,802,10.7,154
239,53.4,91,5930.3,-0.5,152,51.448927,-0.290142,True,20,803,10.6,218
240,53.4,90,5940.2,-0.3,152,51.448942,-0.290282,True,20,804,10.3,261
241,53.3,88,5950.0,-0.3,152,51.448961,-0.29042,True,20,805,10.1,286
242,53.3,87,5959.5,-0.3,152,51.448978,-0.290554,True,20,806,9.9,280
243,53.3,88,5969.1,0.0,152,51.448995,-0.290689,True,20,807,9.8,256
244,53.3,89,5978.6,-0.3,152,51.449014,-0.290822,True,20,808,9.7,263
245,53.3,88,5988.2,-0.3,152,51.449034,-0.290956,True,20,809,9.6,250
246,53.2,87,5997.7,-0.3,152,51.449054,-0.291089,True,20,810,9.5,230
247,53.2,89,6007.3,-0.3,152,51.449072,-0.291224,True,20,811,9.6,222
248,53.2,89,6016.9,0.3,152,51.449093,-0.291359,True,20,812,9.6,238
249,53.2,89,6026.6,0.5,151,51.449114,-0.291494,True,20,813,9.6,231
250,53.3,91,6036.3,0.8,151,51.449135,-0.291629,True,20,814,9.6,277
251,53.4,92,6046.1,1.3,151,51.449156,-0.291767,True,20,815,9.7,310
252,53.5,94,6056.1,1.2,151,51.449178,-0.291906,True,20,816,9.8,297
253,53.7,94,6066.3,1.2,151,51.449201,-0.292048,True,20,817,9.9,238
254,53.8,96,6076.7,1.0,151,51.449227,-0.292192,True,20,818,10.0,238
255,53.9,76,6087.2,0.5,151,51.449253,-0.292337,True,20,819,10.2,159
256,53.9,76,6097.8,0.2,151,51.449281,-0.292482,True,20,820,10.3,169
257,53.9,82,6108.4,0.0,151,51.449308,-0.292628,True,20,821,10.5,169
258,53.9,82,6119.0,0.0,151,51.449336,-0.292775,True,20,822,10.5,141
259,53.9,83,6129.7,-0.2,151,51.449362,-0.292923,True,20,823,10.6,100
260,53.9,86,6140.6,-0.2,150,51.44939,-0.293073,True,20,824,10.7,81
261,53.8,85,6151.5,-0.2,150,51.449419,-0.293224,True,20,825,10.7,85
262,53.8,92,6162.6,-0.2,150,51.449447,-0.293376,True,20,826,10.8,81
263,53.8,92,6173.7,-0.2,150,51.449478,-0.293528,True,20,827,10.9,51
264,53.8,41,6184.7,-0.5,150,51.449509,-0.293677,True,20,828,11.0,51
265,53.7,41,6195.8,-0.7,150,51.449544,-0.293828,True,20,829,11.0,0
266,53.6,41,6207.0,-0.7,149,51.449578,-0.29398,True,20,830,11.1,0
267,53.5,0,6218.4,-0.7,148,51.449612,-0.294134,True,20,831,11.2,0
268,53.5,0,6230.0,-0.7,148,51.449647,-0.294291,True,20,832,11.3,0
269,53.4,0,6241.5,-0.7,147,51.449681,-0.294447,True,20,833,11.4,0
270,53.3,0,6252.6,-1.1,147,51.449714,-0.294598,True,20,834,11.4,0
271,53.2,0,6263.6,-3.5,146,51.449746,-0.294748,True,20,835,11.3,0
272,53.0,0,6274.3,-6.0,145,51.449777,-0.294893,True,20,836,11.2,0
273,51.9,0,6284.1,-9.1,145,51.449799,-0.29503,True,20,837,10.8,0
274,50.9,0,6292.5,-12.5,145,51.449808,-0.295151,True,20,838,10.2,0
275,49.9,5,6300.0,-10.1,145,51.449799,-0.295258,True,20,839,9.5,0
276,49.0,70,6306.4,-6.8,145,51.449771,-0.29534,True,20,840,8.6,76
277,49.0,70,6312.9,-3.1,145,51.449716,-0.295374,True,20,841,7.7,606
278,49.0,80,6320.3,0.6,145,51.449649,-0.295372,True,20,842,7.2,693
279,49.0,84,6328.9,0.9,146,51.449573,-0.295348,True,20,843,7.3,727
280,49.2,80,6337.9,1.1,146,51.449496,-0.295307,True,20,844,7.6,592
281,49.3,89,6347.1,1.9,147,51.449419,-0.295259,True,20,845,8.1,596
282,49.4,88,6356.5,2.1,147,51.449341,-0.295208,True,20,846,8.7,512
283,49.7,89,6366.3,2.8,147,51.44926,-0.295155,True,20,847,9.2,471
284,50.0,91,6376.3,3.3,148,51.449176,-0.295102,True,20,848,9.5,492
285,50.4,94,6385.9,3.8,148,51.449096,-0.29505,True,20,849,9.6,487
286,50.7,95,6395.8,4.0,148,51.449013,-0.295,True,20,850,9.7,449
287,51.2,93,6406.1,4.2,149,51.448925,-0.294952,True,20,851,9.9,385
288,51.6,93,6416.3,4.7,149,51.448838,-0.294904,True,20,852,10.0,395
289,52.1,96,6426.5,4.5,150,51.448751,-0.294858,True,20,853,10.0,395
290,52.6,96,6436.4,4.5,150,51.448665,-0.294818,True,20,854,10.1,376
291,53.0,95,6446.3,4.3,150,51.44858,-0.294784,True,20,855,10.1,381
292,53.4,94,6456.3,3.8,151,51.448491,-0.294756,True,20,856,10.0,386
293,53.8,92,6466.4,3.0,151,51.448402,-0.294731,True,20,857,10.0,349
294,54.1,94,6476.4,2.2,152,51.448312,-0.294711,True,20,858,10.0,385
295,54.2,94,6486.5,1.5,152,51.448222,-0.294696,True,20,859,10.0,366
296,54.3,98,6496.8,1.0,152,51.44813,-0.294683,True,20,860,10.1,340
297,54.4,80,6506.9,1.0,152,51.448039,-0.294673,True,20,861,10.1,276
298,54.5,82,6517.0,1.2,152,51.447949,-0.294663,True,20,862,10.1,326
299,54.6,81,6527.0,1.7,153,51.447859,-0.294656,True,20,863,10.1,328
300,54.8,83,6537.0,2.2,153,51.447769,-0.29465,True,20,864,10.1,317
301,55.1,81,6547.4,2.7,153,51.447676,-0.294645,True,20,865,10.1,318
302,55.4,81,6557.5,2.4,153,51.447585,-0.294636,True,20,866,10.1,305
303,55.7,82,6568.0,2.0,153,51.447491,-0.294624,True,20,867,10.2,305
304,55.8,82,6578.1,1.5,154,51.447401,-0.294614,True,20,868,10.2,291
305,55.9,81,6587.8,0.8,154,51.447314,-0.294603,True,20,869,10.2,288
306,56.0,82,6597.8,0.5,154,51.447224,-0.294594,True,20,870,10.1,292
307,56.0,83,6607.9,0.3,153,51.447134,-0.294587,True,20,871,10.1,295
308,56.0,82,6617.8,0.0,154,51.447044,-0.294576,True,20,872,10.0,298
309,56.0,83,6627.6,0.0,154,51.446956,-0.294563,True,20,873,9.9,315
310,56.0,83,6637.5,0.0,154,51.446869,-0.294548,True,20,874,9.9,310
311,56.0,84,6647.6,0.0,154,51.446778,-0.29453,True,20,875,10.0,288
312,56.0,84,6658.1,1.0,154,51.446684,-0.294508,True,20,876,10.0,280
313,56.0,83,6669.1,1.6,154,51.446588,-0.294482,True,20,877,10.3,303
314,56.4,83,6679.6,2.8,154,51.446495,-0.294449,True,20,878,10.4,314
315,56.7,82,6690.3,3.8,154,51.446402,-0.294412,True,20,879,10.6,348
316,57.2,81,6700.7,3.6,155,51.446311,-0.294372,True,20,880,10.6,360
317,57.6,85,6710.9,3.1,154,51.446223,-0.294331,True,20,881,10.6,338
318,57.9,81,6721.5,2.2,155,51.446133,-0.294287,True,20,882,10.5,381
319,58.0,81,6732.0,1.2,154,51.446043,-0.294241,True,20,883,10.5,371
320,58.1,84,6742.5,0.5,155,51.445952,-0.294195,True,20,884,10.4,371
321,58.1,85,6753.0,0.2,154,51.445863,-0.294147,True,20,885,10.5,308
322,58.1,86,6763.6,-0.2,155,51.445772,-0.294102,True,20,886,10.5,275
323,58.1,84,6774.1,-0.2,154,51.445681,-0.294059,True,20,887,10.5,273
324,58.0,87,6784.7,-0.2,154,51.44559,-0.294017,True,20,888,10.5,270
325,58.0,87,6795.3,-0.2,154,51.445499,-0.293975,True,20,889,10.6,283
326,58.0,87,6806.0,-1.2,154,51.445406,-0.293932,True,20,890,10.6,266
327,58.0,88,6816.6,-2.8,154,51.445314,-0.293888,True,20,891,10.6,266
328,57.5,90,6827.6,-4.1,154,51.44522,-0.293842,True,20,892,10.7,284
329,56.8,91,6838.6,-5.6,153,51.445126,-0.293795,True,20,893,10.8,251
330,56.2,92,6849.8,-5.5,153,51.445031,-0.293742,True,20,894,10.9,266
331,55.5,92,6861.1,-3.9,153,51.444936,-0.293683,True,20,895,11.0,217
332,55.0,93,6872.7,-2.4,152,51.444839,-0.29362,True,20,896,11.2,247
333,55.0,95,6884.6,-0.9,153,51.44474,-0.293558,True,20,897,11.4,248
334,55.1,94,6896.3,0.2,153,51.444642,-0.293494,True,20,898,11.5,219
335,55.1,95,6908.0,0.2,152,51.444545,-0.293429,True,20,899,11.6,235
336,55.1,94,6919.8,0.2,152,51.444448,-0.293362,True,20,900,11.7,198
337,55.1,89,6931.6,0.4,151,51.444351,-0.293294,True,20,901,11.8,186
338,55.2,88,6943.6,0.4,152,51.444251,-0.293226,True,20,902,11.8,174
339,55.3,87,6955.9,0.6,151,51.44415,-0.293159,True,20,903,11.9,129
340,55.3,81,6967.9,0.4,151,51.444049,-0.293094,True,19,904,12.0,77
341,55.4,81,6980.0,0.0,151,51.443947,-0.293034,True,19,905,12.0,16
342,55.4,55,6992.8,-0.4,152,51.443837,-0.292982,True,19,906,12.2,16
343,55.3,87,7004.5,-0.8,152,51.443734,-0.292942,True,19,907,12.2,68
344,55.1,87,7016.2,-2.6,151,51.443631,-0.29291,True,19,908,12.1,57
345,55.0,87,7027.9,-5.5,151,51.443527,-0.292889,True,19,909,12.0,57
346,54.2,48,7039.5,-6.8,151,51.443423,-0.292881,True,19,910,11.9,57
347,52.7,48,7051.5,-6.9,151,51.443315,-0.292877,True,19,911,11.7,262
348,51.9,89,7063.6,-5.3,151,51.443207,-0.292858,True,19,912,11.8,262
349,51.7,72,7075.8,-2.6,152,51.443099,-0.292823,True,19,913,11.9,182
350,51.6,78,7088.5,-1.2,151,51.442987,-0.292789,True,19,914,12.1,191
351,51.4,78,7101.5,-0.8,152,51.442871,-0.292757,True,19,915,12.4,47
352,51.3,78,7114.8,-0.2,151,51.442754,-0.292723,True,19,916,12.7,47
353,51.3,72,7128.1,0.7,151,51.442637,-0.292686,True,19,917,12.9,47
354,51.5,72,7141.5,0.7,151,51.442519,-0.292644,True,19,918,13.1,42
355,51.8,92,7155.2,-0.4,151,51.4424,-0.292595,True,19,919,13.3,42
356,51.7,92,7169.1,-1.6,151,51.44228,-0.292537,True,19,920,13.5,81
357,51.1,92,7183.0,-3.0,151,51.442163,-0.29247,True,19,921,13.6,81
358,50.6,20,7196.9,-3.4,151,51.442046,-0.292397,True,19,922,13.8,81
359,50.1,35,7211.0,-3.0,150,51.441929,-0.29232,True,19,923,13.9,0
360,49.8,35,7225.0,-3.0,150,51.441815,-0.292238,True,19,924,14.0,0
361,49.4,35,7239.1,-2.9,149,51.441699,-0.292156,True,19,925,14.0,0
362,48.9,0,7253.0,-3.1,149,51.441584,-0.292073,True,19,926,14.0,0
363,48.5,0,7266.9,-2.7,148,51.44147,-0.291993,True,19,927,14.0,0
364,48.1,0,7280.7,-1.8,147,51.441356,-0.291916,True,19,928,13.9,0
365,47.9,30,7294.3,-1.3,146,51.441243,-0.291841,True,19,929,13.9,41
366,47.9,30,7307.8,-0.7,146,51.44113,-0.291771,True,19,930,13.7,217
367,47.8,88,7321.0,-0.6,145,51.441019,-0.291704,True,19,931,13.6,217
368,47.7,91,7334.5,-1.3,145,51.440906,-0.291636,True,19,932,13.5,300
369,47.6,87,7348.2,-2.0,145,51.440791,-0.291561,True,19,933,13.5,322
370,47.2,87,7362.3,-3.2,145,51.440674,-0.291486,True,19,934,13.6,352
371,46.7,94,7376.3,-4.4,145,51.440556,-0.291412,True,19,935,13.7,508
372,45.9,97,7390.4,-4.9,146,51.440437,-0.291344,True,19,936,13.9,421
373,45.1,87,7404.8,-5.2,145,51.440314,-0.291279,True,19,937,14.1,298
374,44.4,85,7419.4,-5.0,145,51.440189,-0.291218,True,19,938,14.2,236
375,43.7,94,7433.9,-4.8,146,51.440064,-0.291159,True,19,939,14.3,260
376,43.0,94,7448.4,-4.7,146,51.439937,-0.291104,True,19,940,14.4,215
377,42.3,91,7463.5,-4.8,146,51.439806,-0.291054,True,19,941,14.6,215
378,41.6,91,7478.6,-5.1,146,51.439673,-0.291011,True,19,942,14.8,250
379,40.8,92,7493.8,-4.9,146,51.439538,-0.290978,True,19,943,14.9,247
380,39.9,92,7509.2,-4.5,146,51.439401,-0.290952,True,19,944,15.1,200
381,39.3,94,7524.9,-4.0,147,51.43926,-0.290934,True,19,945,15.3,241
382,38.8,94,7540.6,-3.4,147,51.439119,-0.290924,True,19,946,15.4,210
383,38.3,89,7556.3,-2.9,148,51.438978,-0.290923,True,19,947,15.5,176
384,37.8,91,7571.8,-2.2,148,51.438838,-0.290924,True,19,948,15.6,230
385,37.5,95,7587.5,-1.6,148,51.438697,-0.290925,True,19,949,15.7,245
386,37.4,92,7603.1,-0.8,148,51.438557,-0.290926,True,19,950,15.6,220
387,37.3,90,7618.6,-0.5,148,51.438418,-0.290927,True,19,951,15.6,210
388,37.3,94,7633.8,-0.3,148,51.438281,-0.290932,True,19,952,15.5,239
389,37.2,91,7649.5,-0.3,149,51.43814,-0.290939,True,19,953,15.5,212
390,37.2,92,7665.1,-0.3,148,51.438,-0.290945,True,19,954,15.5,190
391,37.1,92,7680.5,-0.3,149,51.437861,-0.290947,True,19,955,15.5,210
392,37.1,91,7695.8,-0.6,149,51.437724,-0.29094,True,19,956,15.4,194
393,37.0,97,7711.3,-0.8,149,51.437585,-0.290926,True,19,957,15.5,226
394,36.8,90,7726.8,-1.5,148,51.437447,-0.290899,True,19,958,15.5,154
395,36.6,96,7742.1,-2.1,148,51.437312,-0.290856,True,19,959,15.4,123
396,36.2,96,7757.1,-2.3,148,51.437181,-0.290797,True,19,960,15.3,0
397,35.7,96,7772.5,-2.3,147,51.437049,-0.290734,True,19,961,15.3,0
398,35.4,0,7787.3,-1.9,147,51.436924,-0.290659,True,19,962,15.2,0
399,35.2,0,7802.0,-1.0,146,51.436803,-0.290573,True,19,963,15.0,0
400,35.1,13,7816.3,-0.7,146,51.436689,-0.29048,True,19,964,14.8,20
401,35.1,93,7830.0,-0.4,145,51.436583,-0.290378,True,19,965,14.6,167
402,35.0,88,7843.5,-0.2,145,51.436483,-0.290269,True,19,966,14.2,290
403,35.0,92,7857.0,-0.2,145,51.436382,-0.290161,True,19,967,13.9,351
404,35.0,90,7870.8,-0.2,145,51.436278,-0.290052,True,19,968,13.8,247
405,35.0,89,7884.8,-0.2,145,51.436174,-0.289941,True,19,969,13.7,153
406,34.9,90,7898.9,-0.2,145,51.43607,-0.289825,True,19,970,13.8,88
407,34.9,88,7913.1,-0.4,145,51.435964,-0.289708,True,19,971,13.9,80
408,34.9,88,7926.8,-0.2,144,51.435862,-0.2896,True,19,972,14.0,0
409,34.8,24,7940.0,-0.4,144,51.435763,-0.289494,True,19,973,13.8,0
410,34.8,24,7953.2,-1.0,144,51.435664,-0.289391,True,19,974,13.7,0
411,34.7,86,7966.1,-1.4,143,51.435566,-0.28929,True,19,975,13.4,223
412,34.4,84,7978.8,-2.3,144,51.43547,-0.289193,True,19,976,13.1,352
413,34.1,85,7991.6,-3.3,144,51.435373,-0.289092,True,19,977,13.0,343
414,33.6,87,8004.8,-3.6,144,51.435276,-0.288985,True,19,978,13.0,306
415,33.0,87,8017.8,-4.0,143,51.435181,-0.288875,True,19,979,12.9,253
416,32.5,87,8031.2,-3.2,144,51.435083,-0.288764,True,19,980,13.0,227
417,32.0,87,8044.6,-2.4,143,51.434982,-0.288657,True,19,981,13.2,0
418,31.9,87,8058.0,-1.7,143,51.434881,-0.288555,True,19,982,13.3,0
419,31.7,0,8071.0,-1.0,143,51.43478,-0.288457,True,19,983,13.2,0
420,31.6,0,8083.9,-1.0,142,51.434682,-0.288361,True,19,984,13.2,0
421,31.5,24,8096.5,-1.2,142,51.434584,-0.288267,True,19,985,13.1,34
422,31.4,84,8109.3,-1.4,142,51.434483,-0.28818,True,19,986,12.9,374
423,31.1,83,8122.3,-1.5,142,51.434378,-0.288098,True,19,987,12.9,353
424,30.9,88,8135.4,-1.9,142,51.434273,-0.288011,True,19,988,12.9,364
425,30.7,88,8148.6,-1.7,143,51.43417,-0.287917,True,19,989,12.9,248
426,30.4,87,8161.9,-1.7,143,51.434066,-0.287823,True,19,990,13.1,299
427,30.2,88,8175.4,-2.2,143,51.433959,-0.287731,True,19,991,13.2,352
428,30.0,88,8189.0,-3.5,143,51.433852,-0.287639,True,19,992,13.3,439
429,29.5,87,8202.5,-5.2,143,51.433745,-0.287548,True,19,993,13.4,367
430,28.5,91,8216.0,-6.9,143,51.433638,-0.287456,True,19,994,13.5,290
431,27.4,87,8229.4,-7.1,143,51.433532,-0.287361,True,19,995,13.5,288
432,26.3,88,8242.8,-6.5,143,51.433429,-0.287263,True,19,996,13.5,293
433,25.7,84,8256.3,-4.5,143,51.433324,-0.287168,True,19,997,13.5,158
434,25.0,87,8269.6,-2.4,143,51.433218,-0.287079,True,19,998,13.4,377
435,25.0,85,8283.0,-0.7,144,51.433106,-0.287004,True,19,999,13.4,417
436,25.0,85,8296.3,1.5,144,51.43299,-0.286953,True,19,1000,13.4,336
437,25.3,92,8309.8,2.6,144,51.432871,-0.286922,True,19,1001,13.4,271
438,25.8,92,8323.4,3.8,145,51.432749,-0.286899,True,19,1002,13.4,146
439,26.4,88,8337.2,5.2,145,51.432625,-0.286885,True,19,1003,13.5,146
440,27.1,93,8351.4,5.4,145,51.432498,-0.286885,True,19,1004,13.7,126
441,28.2,100,8365.8,3.6,145,51.432369,-0.286908,True,19,1005,13.9,222
442,28.9,97,8380.8,1.9,146,51.432239,-0.286965,True,19,1006,14.2,410
443,28.5,94,8395.5,-0.5,146,51.432119,-0.287056,True,19,1007,14.4,389
444,28.2,101,8409.6,-2.5,146,51.432013,-0.287168,True,19,1008,14.5,357
445,27.9,101,8423.5,-2.4,146,51.431913,-0.287288,True,19,1009,14.4,552
446,27.5,99,8436.8,-2.5,146,51.431822,-0.287411,True,19,1010,14.2,471
447,27.2,89,8449.6,-2.6,147,51.431735,-0.287533,True,19,1011,13.8,299
448,26.9,90,8461.8,-2.3,147,51.431653,-0.28765,True,19,1012,13.3,362
449,26.6,88,8473.6,-2.4,147,51.431574,-0.287764,True,19,1013,12.8,333
450,26.4,87,8485.0,-2.4,147,51.431496,-0.28787,True,19,1014,12.3,191
451,26.1,87,8496.2,-2.4,148,51.431416,-0.287965,True,19,1015,11.9,192
452,25.8,86,8507.4,-2.5,148,51.431331,-0.288054,True,19,1016,11.6,246
453,25.5,84,8518.6,-2.7,148,51.431244,-0.288136,True,19,1017,11.4,234
454,25.3,86,8529.8,-3.2,148,51.431154,-0.288208,True,19,1018,11.2,234
455,24.9,86,8540.9,-3.6,148,51.431062,-0.288268,True,19,1019,11.2,140
456,24.4,84,8551.8,-4.6,149,51.430967,-0.288313,True,19,1020,11.1,140
457,23.9,81,8562.5,-5.6,149,51.430873,-0.288344,True,19,1021,11.0,278
458,23.3,82,8573.2,-5.2,149,51.430777,-0.288364,True,19,1022,10.9,450
459,22.5,79,8583.6,-2.8,149,51.430684,-0.288372,True,19,1023,10.8,429
460,22.2,79,8594.1,-0.9,150,51.430589,-0.28837,True,19,1024,10.6,356
461,22.7,84,8604.9,1.1,150,51.430492,-0.288359,True,19,1025,10.6,298
462,22.9,83,8616.4,2.1,150,51.43039,-0.288338,True,19,1026,10.8,302
463,23.0,87,8628.5,1.2,150,51.430282,-0.288311,True,19,1027,11.1,258
464,23.2,94,8641.2,1.0,150,51.43017,-0.288275,True,19,1028,11.5,311
465,23.3,89,8654.0,1.0,151,51.430059,-0.28823,True,19,1029,12.0,272
466,23.4,90,8666.8,0.6,151,51.429948,-0.288177,True,19,1030,12.4,205
467,23.5,90,8679.6,0.6,151,51.429837,-0.288126,True,19,1031,12.6,58
468,23.5,89,8692.6,0.6,150,51.429724,-0.288084,True,19,1032,12.8,37
469,23.6,89,8705.4,0.4,150,51.429611,-0.28805,True,19,1033,12.8,44
470,23.7,89,8717.9,0.6,150,51.429499,-0.288031,True,19,1034,12.8,39
471,23.7,29,8730.4,0.4,150,51.429387,-0.288019,True,19,1035,12.7,39
472,23.8,45,8742.1,0.2,150,51.429282,-0.288009,True,19,1036,12.5,38
473,23.8,58,8752.3,0.5,150,51.42919,-0.287998,True,19,1037,11.9,130
474,23.8,60,8761.2,0.3,149,51.429111,-0.28798,True,19,1038,11.2,130
475,23.9,59,8769.8,0.3,149,51.429034,-0.287964,True,19,1039,10.4,131
476,23.9,72,8778.4,0.6,149,51.428958,-0.287952,True,19,1040,9.6,143
477,23.9,71,8786.5,0.3,149,51.428885,-0.287941,True,19,1041,8.9,144
478,24.0,74,8794.1,0.3,148,51.428817,-0.287926,True,19,1042,8.4,381
479,24.0,79,8802.1,0.3,148,51.428746,-0.28791,True,19,1043,8.2,351
480,24.0,80,8810.7,0.3,148,51.428669,-0.287896,True,19,1044,8.2,141
481,24.0,80,8819.2,0.3,147,51.428593,-0.287881,True,19,1045,8.2,153
482,24.1,81,8827.9,0.3,147,51.428516,-0.287863,True,19,1046,8.3,126
483,24.1,80,8836.6,0.3,146,51.428439,-0.287841,True,19,1047,8.5,59
484,24.1,81,8845.2,-0.3,146,51.428364,-0.287812,True,19,1048,8.6,60
485,24.1,82,8853.8,-0.8,145,51.428291,-0.287774,True,19,1049,8.6,280
486,24.0,85,8862.7,-1.4,145,51.428214,-0.287732,True,19,1050,8.7,225
487,23.8,88,8872.0,-1.3,145,51.428137,-0.287685,True,19,1051,8.8,522
488,23.6,93,8881.5,-0.8,145,51.428058,-0.287634,True,19,1052,9.0,677
489,23.6,103,8891.4,0.5,145,51.427974,-0.287584,True,19,1053,9.2,387
490,23.7,103,8902.1,1.9,145,51.427884,-0.287533,True,19,1054,9.7,44
491,24.0,44,8912.8,3.0,145,51.427794,-0.287478,True,19,1055,10.0,44
492,24.4,44,8922.8,4.0,144,51.42771,-0.287425,True,19,1056,10.2,12
493,24.8,30,8931.7,4.6,145,51.427635,-0.287379,True,19,1057,10.0,12
494,25.2,75,8939.7,4.6,145,51.427567,-0.287343,True,19,1058,9.7,108
495,25.6,74,8947.6,4.4,145,51.427498,-0.287313,True,19,1059,9.1,238
496,25.9,75,8955.6,3.1,146,51.427429,-0.287284,True,19,1060,8.6,402
497,26.2,77,8963.8,2.1,146,51.427357,-0.287255,True,19,1061,8.2,556
498,26.2,98,8972.1,1.4,146,51.427284,-0.287231,True,19,1062,8.1,1032
499,26.3,89,8980.8,0.8,147,51.427207,-0.28721,True,19,1063,8.2,824
500,26.4,94,8990.2,1.1,147,51.427124,-0.287188,True,19,1064,8.5,730
501,26.5,93,9000.0,1.0,148,51.427038,-0.287153,True,19,1065,8.9,473
502,26.6,94,9010.1,1.0,148,51.426953,-0.287104,True,19,1066,9.3,352
503,26.7,96,9020.4,1.0,149,51.426868,-0.287043,True,19,1067,9.7,338
504,26.8,82,9030.9,1.0,149,51.426784,-0.286976,True,19,1068,10.0,158
505,26.9,78,9041.2,1.0,150,51.4267,-0.286912,True,19,1069,10.2,252
506,27.0,79,9051.5,1.0,150,51.426615,-0.286851,True,19,1070,10.3,356
507,27.1,81,9061.9,1.2,151,51.426531,-0.28679,True,19,1071,10.4,380
508,27.2,82,9072.3,1.2,151,51.426444,-0.286732,True,19,1072,10.4,369
509,27.4,81,9082.9,1.2,152,51.426355,-0.286678,True,19,1073,10.4,373
510,27.5,81,9093.7,0.9,152,51.426264,-0.286625,True,19,1074,10.5,382
511,27.6,82,9104.4,0.5,153,51.426174,-0.286569,True,19,1075,10.6,382
512,27.6,81,9115.1,0.0,153,51.426085,-0.286509,True,19,1076,10.6,364
513,27.6,85,9126.0,-0.2,153,51.425995,-0.286448,True,19,1077,10.7,383
514,27.5,85,9137.1,-0.5,154,51.425904,-0.286385,True,19,1078,10.8,336
515,27.5,87,9147.9,-0.4,153,51.425813,-0.28633,True,19,1079,10.8,274
516,27.4,93,9159.3,-0.4,154,51.425715,-0.28628,True,19,1080,11.0,255
517,27.4,84,9171.1,-0.4,153,51.425613,-0.286236,True,19,1081,11.2,140
518,27.3,85,9183.2,-0.4,153,51.425507,-0.286198,True,19,1082,11.4,228
519,27.3,85,9195.5,-0.6,153,51.425399,-0.286166,True,19,1083,11.7,206
520,27.2,82,9207.8,-0.6,154,51.425288,-0.286141,True,19,1084,12.0,250
521,27.1,84,9220.4,-0.8,154,51.425176,-0.286118,True,19,1085,12.2,219
522,27.0,85,9233.4,-0.8,153,51.425061,-0.286096,True,19,1086,12.5,228
523,26.9,84,9246.5,-0.8,153,51.424944,-0.286071,True,19,1087,12.7,186
524,26.8,88,9259.8,-0.7,153,51.424825,-0.286046,True,19,1088,12.9,215
525,26.7,90,9273.2,-0.7,153,51.424706,-0.286024,True,19,1089,13.1,176
526,26.6,89,9286.8,-1.1,153,51.424584,-0.286003,True,19,1090,13.3,167
527,26.5,91,9300.7,-1.5,152,51.42446,-0.285982,True,19,1091,13.5,186
528,26.2,91,9314.5,-1.6,152,51.424337,-0.285959,True,19,1092,13.6,305
529,25.9,87,9328.0,-1.5,152,51.424215,-0.285939,True,19,1093,13.6,305
530,25.7,88,9341.4,-0.9,152,51.424096,-0.285921,True,19,1094,13.6,233
531,25.7,96,9354.5,-0.2,152,51.423979,-0.285902,True,19,1095,13.5,337
532,25.7,94,9367.2,0.4,153,51.423865,-0.285883,True,19,1096,13.3,355
533,25.8,91,9379.6,0.8,153,51.423754,-0.285865,True,19,1097,13.0,343
534,25.9,89,9391.8,1.0,152,51.423645,-0.28585,True,19,1098,12.8,314
535,26.1,92,9403.8,1.9,153,51.423538,-0.285839,True,19,1099,12.5,338
536,26.2,90,9415.6,2.9,152,51.423431,-0.285833,True,19,1100,12.2,318
537,26.7,90,9427.4,4.0,153,51.423325,-0.285832,True,19,1101,12.0,286
538,27.3,89,9439.3,4.4,152,51.423219,-0.285835,True,19,1102,11.9,234
539,28.0,89,9451.0,4.0,152,51.423114,-0.285842,True,19,1103,11.8,190
540,28.3,90,9462.8,3.4,152,51.423008,-0.285859,True,19,1104,11.8,109
541,28.6,90,9474.6,2.7,152,51.422903,-0.285884,True,19,1105,11.8,0
542,28.9,90,9486.6,3.2,152,51.422797,-0.285912,True,19,1106,11.8,0
543,29.3,0,9498.5,3.1,151,51.422691,-0.28594,True,19,1107,11.8,0
544,29.8,0,9510.4,2.9,151,51.422586,-0.28597,True,19,1108,11.9,0
545,30.1,0,9522.3,1.9,151,51.42248,-0.286002,True,19,1109,11.9,0
546,30.3,0,9534.4,0.4,151,51.422373,-0.286035,True,19,1110,12.0,0
547,30.2,0,9546.3,-1.3,150,51.422269,-0.286068,True,19,1111,11.9,0
548,30.0,0,9557.8,-3.4,150,51.422167,-0.286098,True,19,1112,11.9,0
549,29.5,0,9568.8,-4.9,149,51.422069,-0.286124,True,19,1113,11.7,0
550,28.8,0,9578.9,-5.2,149,51.421979,-0.286143,True,19,1114,11.3,0
551,28.2,11,9587.2,-1.8,148,51.421903,-0.286132,True,19,1115,10.6,9
552,28.1,11,9594.6,3.2,148,51.421848,-0.286067,True,19,1116,9.7,368
553,28.9,76,9602.0,5.9,148,51.421827,-0.285964,True,19,1117,8.8,368
554,29.8,72,9609.7,6.5,148,51.421836,-0.285854,True,19,1118,8.2,502
555,30.0,70,9617.5,4.1,149,51.421857,-0.285746,True,19,1119,7.7,511
556,30.1,74,9625.5,1.9,148,51.42188,-0.285638,True,19,1120,7.7,427
557,30.2,80,9633.5,1.9,148,51.421905,-0.28553,True,19,1121,7.8,359
558,30.4,82,9641.3,2.5,149,51.421931,-0.285425,True,19,1122,7.9,395
559,30.6,80,9649.2,3.5,148,51.421956,-0.285319,True,19,1123,7.9,371
560,30.9,80,9657.1,4.2,148,51.421983,-0.285215,True,19,1124,7.9,380
561,31.3,79,9664.7,4.5,148,51.422007,-0.285112,True,19,1125,7.8,352
562,31.7,78,9672.3,4.9,148,51.422029,-0.285009,True,19,1126,7.8,340
563,32.0,77,9680.0,4.6,148,51.422051,-0.284903,True,19,1127,7.7,364
564,32.4,78,9687.6,4.3,149,51.42207,-0.284798,True,19,1128,7.7,356
565,32.7,77,9695.1,3.3,149,51.422089,-0.284694,True,19,1129,7.6,229
566,33.0,73,9702.6,2.7,150,51.42211,-0.284593,True,19,1130,7.6,141
567,33.0,71,9710.0,2.8,149,51.422135,-0.284494,True,19,1131,7.5,174
568,33.2,95,9716.9,3.2,150,51.42216,-0.284403,True,19,1132,7.4,192
569,33.5,110,9723.6,4.7,150,51.422182,-0.284313,True,19,1133,7.2,348
570,33.9,107,9730.5,5.8,150,51.422204,-0.28422,True,19,1134,7.1,385
571,34.3,109,9737.4,6.2,150,51.422228,-0.284128,True,19,1135,7.0,331
572,34.8,95,9744.4,6.5,150,51.422253,-0.284037,True,19,1136,6.9,380
573,35.2,99,9751.2,6.9,150,51.422278,-0.283947,True,19,1137,6.9,422
574,35.7,99,9758.2,6.6,150,51.422305,-0.283857,True,19,1138,6.9,332
575,36.2,93,9765.0,6.8,150,51.422335,-0.283771,True,19,1139,6.9,332
576,36.6,85,9771.5,6.6,150,51.422364,-0.28369,True,19,1140,6.8,379
577,37.0,87,9777.8,6.0,150,51.422394,-0.283614,True,19,1141,6.7,433
578,37.4,84,9783.9,5.3,150,51.422424,-0.28354,True,19,1142,6.5,433
579,37.7,81,9790.1,5.2,151,51.422454,-0.283465,True,19,1143,6.4,457
580,37.9,80,9795.9,5.5,151,51.422484,-0.283397,True,19,1144,6.2,446
581,38.2,80,9801.1,5.9,151,51.422507,-0.283331,True,19,1145,5.9,434
582,38.6,78,9805.9,7.8,152,51.422528,-0.283271,True,19,1146,5.6,434
583,38.9,73,9810.4,9.0,152,51.422548,-0.283215,True,19,1147,5.3,439
584,39.4,76,9815.1,9.1,153,51.422566,-0.283153,True,19,1148,5.0,552
585,39.9,80,9820.0,9.7,154,51.422581,-0.283086,True,19,1149,4.8,433
586,40.4,85,9825.6,9.6,154,51.422598,-0.283012,True,19,1150,4.9,426
587,40.9,85,9831.0,9.8,155,51.422615,-0.282938,True,19,1151,5.0,357
588,41.5,85,9836.9,9.6,155,51.422632,-0.282858,True,19,1152,5.3,321
589,42.2,89,9843.4,9.5,156,51.422646,-0.282768,True,19,1153,5.7,306
590,42.7,93,9849.5,9.2,156,51.422653,-0.28268,True,19,1154,5.9,221
591,43.3,93,9856.2,8.1,156,51.42266,-0.282585,True,19,1155,6.1,179
592,43.9,96,9863.0,7.1,156,51.422663,-0.282486,True,19,1156,6.4,179
593,44.4,96,9870.4,5.5,156,51.422663,-0.282381,True,19,1157,6.7,177
594,44.7,99,9877.8,4.1,157,51.422667,-0.282275,True,19,1158,6.9,186
595,44.9,99,9885.1,2.7,157,51.422672,-0.282169,True,19,1159,7.1,183
596,45.1,98,9892.4,2.1,157,51.422675,-0.282065,True,19,1160,7.2,197
597,45.2,98,9899.6,2.1,157,51.422677,-0.281962,True,19,1161,7.3,214
598,45.3,99,9906.6,1.7,157,51.422682,-0.281861,True,19,1162,7.2,306
599,45.5,98,9913.8,1.8,157,51.422685,-0.281757,True,19,1163,7.2,218
600,45.6,94,9921.0,2.8,157,51.422691,-0.281654,True,19,1164,7.2,228
601,45.7,91,9927.9,3.3,157,51.422698,-0.281556,True,19,1165,7.1,254
602,46.1,91,9934.7,4.6,157,51.422706,-0.281459,True,19,1166,7.0,295
603,46.4,85,9941.1,5.8,157,51.422715,-0.281369,True,19,1167,6.9,295
604,46.8,85,9947.3,5.6,157,51.422728,-0.281282,True,19,1168,6.7,440
605,47.2,89,9953.6,6.1,157,51.422739,-0.281193,True,19,1169,6.5,555
606,47.5,89,9959.6,5.8,157,51.422749,-0.281108,True,19,1170,6.3,611
607,47.9,87,9965.5,5.9,158,51.422762,-0.281025,True,19,1171,6.2,564
608,48.2,87,9971.5,5.5,158,51.422783,-0.280946,True,19,1172,6.1,580
609,48.6,87,9977.3,5.2,158,51.422807,-0.280871,True,19,1173,6.0,600
610,48.8,87,9983.3,6.1,158,51.42283,-0.280795,True,19,1174,5.9,600
611,49.1,88,9988.8,7.0,159,51.422857,-0.280728,True,19,1175,5.8,633
612,49.6,88,9994.4,9.2,159,51.422886,-0.280661,True,19,1176,5.8,583
613,50.2,90,10000.3,11.0,159,51.422922,-0.280599,True,19,1177,5.8,570
614,50.9,92,10006.2,11.4,159,51.422962,-0.280542,True,19,1178,5.8,569
615,51.7,100,10012.5,11.0,160,51.423008,-0.28049,True,19,1179,5.8,464
616,52.4,90,10019.0,9.8,160,51.423059,-0.280444,True,19,1180,6.0,374
617,53.0,95,10025.7,8.5,161,51.423113,-0.2804,True,19,1181,6.3,365
618,53.5,103,10032.8,7.2,161,51.423171,-0.280359,True,19,1182,6.5,377
619,54.0,103,10039.7,6.4,161,51.423228,-0.28032,True,19,1183,6.7,305
620,54.4,104,10046.7,5.3,161,51.423285,-0.280279,True,19,1184,6.8,305
621,54.8,58,10053.8,4.1,161,51.423343,-0.280235,True,19,1185,7.0,162
622,55.0,81,10061.1,3.9,162,51.423404,-0.280195,True,19,1186,7.1,296
623,55.2,83,10068.9,3.8,162,51.42347,-0.280157,True,19,1187,7.2,299
624,55.6,85,10077.2,3.9,162,51.423539,-0.280114,True,19,1188,7.5,285
625,56.0,88,10085.7,3.4,162,51.423611,-0.28007,True,19,1189,7.8,284
626,56.3,90,10094.5,2.5,162,51.423685,-0.280028,True,19,1190,8.1,325
627,56.4,94,10103.7,1.9,162,51.423763,-0.279986,True,19,1191,8.5,298
628,56.5,97,10112.8,1.3,162,51.42384,-0.27994,True,19,1192,8.8,274
629,56.7,96,10122.3,1.3,161,51.42392,-0.279891,True,19,1193,9.0,288
630,56.8,105,10132.1,1.3,161,51.424002,-0.27984,True,19,1194,9.3,259
631,56.9,79,10142.2,1.0,161,51.424086,-0.279786,True,19,1195,9.5,125
632,57.0,82,10152.3,1.2,161,51.424171,-0.279732,True,19,1196,9.7,234
633,57.1,83,10162.7,1.7,161,51.424258,-0.279676,True,19,1197,10.0,224
634,57.3,83,10173.2,1.9,161,51.424345,-0.27962,True,19,1198,10.2,218
635,57.6,83,10183.8,1.9,160,51.424434,-0.279564,True,19,1199,10.3,219
636,57.8,84,10194.6,1.6,160,51.424523,-0.279505,True,19,1200,10.5,230
637,57.9,85,10205.2,0.9,160,51.424611,-0.279443,True,19,1201,10.6,202
638,58.0,86,10216.0,0.7,160,51.4247,-0.279382,True,19,1202,10.7,203
639,58.0,88,10226.8,0.5,160,51.424788,-0.279319,True,19,1203,10.7,236
640,58.1,86,10237.6,0.2,160,51.424877,-0.279256,True,19,1204,10.8,184
641,58.1,89,10248.8,0.2,160,51.424969,-0.27919,True,19,1205,10.8,186
642,58.1,88,10260.0,0.0,160,51.42506,-0.279123,True,19,1206,11.0,203
643,58.1,90,10271.2,0.0,159,51.425151,-0.279053,True,19,1207,11.0,204
644,58.1,90,10282.5,0.0,159,51.425243,-0.278984,True,19,1208,11.1,217
645,58.1,91,10293.8,0.0,159,51.425335,-0.278915,True,19,1209,11.2,222
646,58.1,94,10305.2,0.0,159,51.425426,-0.278841,True,19,1210,11.3,223
647,58.1,90,10316.7,0.0,159,51.425516,-0.278761,True,19,1211,11.3,183
648,58.1,93,10328.2,0.0,159,51.425604,-0.278673,True,19,1212,11.4,216
649,58.1,92,10339.9,0.0,160,51.425691,-0.278579,True,19,1213,11.5,185
650,58.1,87,10351.5,0.0,160,51.425773,-0.278475,True,19,1214,11.5,150
651,58.1,91,10363.1,0.0,159,51.425849,-0.278361,True,19,1215,11.6,178
652,58.1,87,10374.5,-0.2,159,51.425921,-0.278243,True,19,1216,11.6,190
653,58.1,89,10386.0,-0.2,159,51.42599,-0.278121,True,19,1217,11.6,225
654,58.0,90,10397.8,-0.2,160,51.42606,-0.277993,True,19,1218,11.6,171
655,58.0,94,10410.0,-0.4,159,51.42613,-0.277859,True,19,1219,11.7,170
656,58.0,93,10422.4,-0.4,159,51.426201,-0.277721,True,19,1220,11.9,219
657,57.9,93,10435.0,-0.6,159,51.426275,-0.277583,True,19,1221,12.1,237
658,57.8,96,10447.5,-0.6,159,51.426348,-0.277448,True,19,1222,12.3,297
659,57.7,94,10459.9,-0.2,159,51.426423,-0.277314,True,19,1223,12.4,239
660,57.7,93,10472.3,0.4,159,51.426498,-0.277183,True,19,1224,12.5,206
661,57.8,91,10484.5,0.6,159,51.426574,-0.277057,True,19,1225,12.4,257
662,58.0,88,10496.6,0.6,159,51.426654,-0.27694,True,19,1226,12.3,235
663,58.0,88,10508.3,0.4,159,51.426737,-0.276834,True,19,1227,12.2,253
664,58.0,88,10520.0,0.0,159,51.426821,-0.276733,True,19,1228,12.0,235
665,58.0,88,10531.8,0.0,159,51.426909,-0.276639,True,19,1229,11.9,235
666,58.0,86,10543.4,0.0,158,51.426996,-0.276547,True,19,1230,11.8,218
667,58.0,86,10555.0,0.0,158,51.427083,-0.276454,True,19,1231,11.7,231
668,58.0,85,10566.5,0.2,159,51.427169,-0.276363,True,19,1232,11.6,211
669,58.0,86,10577.9,0.4,158,51.427254,-0.276271,True,19,1233,11.6,214
670,58.1,86,10589.3,0.4,158,51.427338,-0.276179,True,19,1234,11.5,214
671,58.2,85,10600.6,0.4,158,51.427421,-0.276086,True,19,1235,11.4,227
672,58.2,86,10611.9,0.2,158,51.427504,-0.275992,True,19,1236,11.4,228
673,58.2,87,10623.2,-0.2,158,51.427585,-0.275895,True,19,1237,11.3,252
674,58.2,87,10634.4,-0.2,157,51.427667,-0.275798,True,19,1238,11.3,246
675,58.1,88,10645.8,-0.4,157,51.427748,-0.275699,True,19,1239,11.3,215
676,58.1,88,10657.5,-0.4,157,51.42783,-0.275594,True,19,1240,11.4,199
677,58.0,89,10669.2,-0.2,157,51.427911,-0.275487,True,19,1241,11.5,213
678,58.0,90,10681.0,-0.2,157,51.427993,-0.27538,True,19,1242,11.6,215
679,58.0,90,10692.8,0.0,156,51.428077,-0.275274,True,19,1243,11.7,251
680,58.0,89,10704.6,0.0,156,51.428158,-0.275166,True,19,1244,11.8,225
681,58.0,91,10716.5,-0.2,156,51.428241,-0.275057,True,19,1245,11.8,291
682,58.0,87,10728.4,-0.2,156,51.428324,-0.274949,True,19,1246,11.8,258
683,57.9,91,10740.2,-0.4,156,51.428405,-0.274841,True,19,1247,11.8,265
684,57.9,91,10751.9,-0.4,156,51.428486,-0.274732,True,19,1248,11.8,229
685,57.8,92,10763.8,-0.4,156,51.428566,-0.27462,True,19,1249,11.8,224
686,57.8,93,10775.7,-0.8,156,51.428648,-0.27451,True,19,1250,11.8,180
687,57.7,84,10787.8,-1.0,156,51.428732,-0.274398,True,19,1251,11.9,94
688,57.5,86,10800.0,-1.2,156,51.428817,-0.274287,True,19,1252,12.0,173
689,57.3,88,10812.1,-1.2,156,51.428902,-0.274178,True,19,1253,12.0,189
690,57.2,85,10824.3,-1.0,156,51.428988,-0.27407,True,19,1254,12.1,153
691,57.1,86,10836.4,-1.0,156,51.429074,-0.273963,True,19,1255,12.1,151
692,57.0,84,10848.5,-1.4,156,51.429157,-0.273852,True,19,1256,12.1,148
693,56.8,85,10860.6,-1.7,155,51.42924,-0.27374,True,19,1257,12.1,149
694,56.5,83,10872.7,-1.9,156,51.429324,-0.273629,True,19,1258,12.1,136
695,56.3,86,10884.8,-1.9,156,51.429406,-0.273515,True,19,1259,12.1,153
696,56.1,85,10896.9,-1.7,155,51.429488,-0.273401,True,19,1260,12.1,154
697,55.9,82,10908.9,-1.7,155,51.429568,-0.273286,True,19,1261,12.1,136
698,55.7,85,10920.8,-1.9,155,51.42965,-0.273175,True,19,1262,12.0,171
699,55.5,83,10932.6,-2.5,154,51.429731,-0.273065,True,19,1263,12.0,148
700,55.2,84,10944.5,-3.2,154,51.429812,-0.272954,True,19,1264,11.9,143
701,54.7,83,10956.3,-3.6,154,51.429893,-0.272844,True,19,1265,11.9,146
702,54.2,86,10968.2,-4.2,154,51.429975,-0.272732,True,19,1266,11.9,130
703,53.8,86,10980.3,-4.7,154,51.430058,-0.27262,True,19,1267,11.9,118
704,53.2,87,10992.6,-5.1,154,51.430142,-0.272506,True,19,1268,12.0,116
705,52.4,87,11005.0,-5.6,154,51.430227,-0.272392,True,19,1269,12.1,85
706,51.7,95,11017.4,-6.1,154,51.430316,-0.272282,True,19,1270,12.2,95
707,51.0,84,11030.1,-6.4,153,51.430405,-0.27217,True,19,1271,12.4,57
708,50.1,87,11043.2,-5.9,154,51.430498,-0.272055,True,19,1272,12.6,39
709,49.1,90,11056.3,-5.0,153,51.430592,-0.271939,True,19,1273,12.7,70
710,48.6,91,11070.0,-3.5,153,51.430689,-0.271818,True,19,1274,13.0,98
711,48.3,91,11083.9,-2.0,152,51.43079,-0.2717,True,19,1275,13.3,135
712,48.2,91,11097.7,-0.9,152,51.43089,-0.271584,True,19,1276,13.5,132
713,48.0,89,11111.3,-0.2,152,51.430989,-0.271468,True,19,1277,13.6,177
714,48.1,88,11124.8,0.4,152,51.431087,-0.271353,True,19,1278,13.7,174
715,48.2,87,11138.2,1.1,152,51.431183,-0.271238,True,19,1279,13.6,190
716,48.4,92,11151.5,1.7,151,51.431279,-0.271125,True,19,1280,13.5,126
717,48.6,92,11164.5,2.3,151,51.431374,-0.271014,True,19,1281,13.4,222
718,49.0,95,11177.4,3.2,151,51.431466,-0.270904,True,19,1282,13.2,222
719,49.4,90,11189.9,3.6,151,51.431557,-0.270798,True,19,1283,13.0,216
720,50.0,88,11202.0,4.0,151,51.431645,-0.270694,True,19,1284,12.8,257
721,50.4,83,11214.1,3.9,150,51.431729,-0.270584,True,19,1285,12.5,238
722,50.9,89,11225.4,3.4,150,51.431808,-0.270484,True,19,1286,12.2,233
723,51.2,83,11236.0,3.1,150,51.431884,-0.27039,True,19,1287,11.7,271
724,51.5,78,11246.3,2.2,150,51.431958,-0.2703,True,19,1288,11.3,270
725,51.7,79,11256.3,1.5,150,51.432027,-0.270211,True,19,1289,10.9,288
726,51.8,83,11266.0,1.0,150,51.432094,-0.27012,True,19,1290,10.4,213
727,51.8,85,11275.5,0.5,150,51.432159,-0.27003,True,19,1291,10.0,227
728,51.9,89,11284.9,0.5,150,51.432221,-0.269939,True,19,1292,9.8,197
729,51.9,86,11294.4,0.5,150,51.432282,-0.269843,True,19,1293,9.6,190
730,52.0,91,11303.9,0.3,150,51.432342,-0.269746,True,19,1294,9.5,152
731,52.0,85,11313.4,1.0,150,51.432401,-0.269648,True,19,1295,9.5,153
732,52.0,88,11322.8,1.6,150,51.432461,-0.269551,True,19,1296,9.5,208
733,52.3,84,11332.5,2.3,150,51.432521,-0.269453,True,19,1297,9.5,180
734,52.6,80,11342.2,2.8,150,51.432582,-0.269353,True,19,1298,9.6,196
735,52.9,81,11351.9,2.5,150,51.432643,-0.269252,True,19,1299,9.6,207
736,53.1,84,11362.0,2.2,150,51.432705,-0.269145,True,19,1300,9.7,189
737,53.3,84,11372.2,2.0,150,51.432766,-0.269036,True,19,1301,9.9,133
738,53.5,85,11382.5,1.9,150,51.432826,-0.268925,True,19,1302,10.0,133
739,53.7,86,11392.7,1.7,150,51.432887,-0.268813,True,19,1303,10.1,117
740,53.9,85,11403.1,1.4,150,51.432948,-0.268701,True,19,1304,10.2,76
741,54.0,80,11413.7,0.9,149,51.433011,-0.268586,True,19,1305,10.3,22
742,54.1,64,11424.3,0.0,149,51.433073,-0.26847,True,19,1306,10.4,21
743,54.1,62,11434.9,-0.9,149,51.433135,-0.268354,True,19,1307,10.5,23
744,53.9,62,11445.6,-2.1,149,51.4332,-0.268242,True,19,1308,10.6,9
745,53.6,66,11456.2,-2.9,148,51.43327,-0.268138,True,19,1309,10.6,9
746,53.2,67,11466.8,-3.6,148,51.433348,-0.26805,True,19,1310,10.6,0
747,52.9,67,11477.0,-3.8,148,51.433431,-0.267987,True,19,1311,10.5,0
748,52.4,66,11487.2,-4.0,148,51.433521,-0.267958,True,19,1312,10.5,0
749,52.0,66,11498.7,-4.2,148,51.433624,-0.267947,True,19,1313,10.6,0
750,51.4,66,11511.3,-4.1,148,51.433737,-0.267944,True,19,1314,11.0,0
751,50.9,0,11524.5,-3.9,147,51.433856,-0.267945,True,19,1315,11.5,0
752,50.3,0,11538.2,-3.6,146,51.433979,-0.267924,True,19,1316,12.2,0
753,49.9,0,11552.6,-3.7,145,51.434106,-0.267879,True,19,1317,13.1,0
754,49.4,0,11567.6,-4.0,145,51.434235,-0.267812,True,19,1318,13.8,0
755,48.7,0,11583.3,-4.7,144,51.434365,-0.267725,True,19,1319,14.4,0
756,47.9,0,11598.6,-5.7,143,51.434485,-0.267618,True,19,1320,14.8,0
757,47.0,0,11614.0,-6.4,143,51.434602,-0.267498,True,19,1321,15.2,0
758,45.9,5,11629.3,-6.9,142,51.434705,-0.267351,True,19,1322,15.3,6
759,44.8,5,11644.5,-7.1,142,51.434789,-0.267177,True,19,1323,15.4,0
760,43.7,5,11659.9,-7.2,142,51.434844,-0.266974,True,19,1324,15.3,0
761,42.6,0,11675.6,-7.5,141,51.434868,-0.26675,True,19,1325,15.4,0
762,41.4,0,11691.4,-8.0,140,51.434867,-0.266523,True,19,1326,15.5,0
763,40.1,27,11707.5,-8.9,140,51.434847,-0.266294,True,19,1327,15.6,85
764,38.6,95,11723.6,-9.7,140,51.434822,-0.266066,True,19,1328,15.8,350
765,36.9,95,11740.0,-10.0,140,51.434791,-0.265835,True,19,1329,16.0,46
766,35.1,64,11756.3,-9.3,140,51.434756,-0.265607,True,19,1330,16.1,46
767,33.6,100,11772.7,-7.9,140,51.43472,-0.265378,True,19,1331,16.3,278
768,32.5,100,11789.2,-6.4,140,51.434692,-0.265145,True,19,1332,16.3,214
769,31.7,100,11805.6,-5.1,141,51.434675,-0.264911,True,19,1333,16.4,156
770,30.9,100,11822.3,-4.6,141,51.434681,-0.26467,True,19,1334,16.5,191
771,30.2,101,11839.0,-4.4,141,51.434713,-0.264434,True,19,1335,16.5,315
772,29.4,101,11856.0,-4.1,142,51.434765,-0.264204,True,19,1336,16.7,269
773,28.7,105,11873.3,-3.8,142,51.434818,-0.26397,True,19,1337,16.8,306
774,28.1,103,11890.7,-3.5,142,51.434856,-0.263727,True,19,1338,17.0,194
775,27.6,101,11907.8,-3.6,143,51.434886,-0.263486,True,19,1339,17.1,158
776,27.0,104,11924.7,-4.1,144,51.434924,-0.26325,True,19,1340,17.1,136
777,26.2,102,11941.8,-4.8,144,51.434984,-0.263023,True,19,1341,17.2,176
778,25.3,99,11959.1,-5.4,144,51.435064,-0.26281,True,19,1342,17.2,194
779,24.3,103,11976.5,-5.3,144,51.435162,-0.262616,True,19,1343,17.2,160
780,23.3,103,11993.5,-4.6,144,51.435264,-0.262433,True,19,1344,17.1,182
781,22.6,99,12010.2,-3.5,144,51.43536,-0.262248,True,19,1345,17.1,182
782,22.2,98,12026.7,-2.0,144,51.435451,-0.262061,True,19,1346,17.0,172
783,22.0,98,12042.9,-1.1,144,51.435537,-0.261872,True,19,1347,16.8,187
784,22.0,96,12059.1,-0.5,144,51.435617,-0.261677,True,19,1348,16.5,187
785,21.9,96,12075.4,-0.2,144,51.435692,-0.261477,True,19,1349,16.4,205
786,21.9,95,12091.3,-0.2,144,51.435763,-0.261278,True,19,1350,16.2,251
787,21.9,95,12107.1,0.0,145,51.43584,-0.261087,True,19,1351,16.1,253
788,21.9,94,12122.6,-0.3,145,51.435919,-0.260903,True,19,1352,15.9,226
789,21.9,96,12138.1,-0.7,145,51.435999,-0.260721,True,19,1353,15.8,198
790,21.7,96,12153.3,-1.2,145,51.436069,-0.260533,True,19,1354,15.6,217
791,21.5,92,12168.2,-2.2,145,51.436131,-0.260343,True,19,1355,15.4,217
792,21.2,92,12183.2,-2.6,145,51.436179,-0.260142,True,19,1356,15.2,218
793,20.6,87,12198.3,-2.6,145,51.436216,-0.259933,True,19,1357,15.1,156
794,20.1,100,12213.7,-2.0,144,51.436243,-0.259715,True,19,1358,15.1,164
795,19.9,97,12228.9,-0.7,145,51.436265,-0.259499,True,19,1359,15.1,112
796,20.0,94,12244.0,0.2,145,51.436286,-0.259285,True,19,1360,15.2,86
797,20.2,94,12258.5,0.3,145,51.436315,-0.259081,True,19,1361,15.1,0
798,20.2,94,12272.7,-0.5,145,51.436351,-0.258885,True,19,1362,14.9,0
799,20.1,0,12286.7,-1.6,144,51.436394,-0.258696,True,19,1363,14.6,0
800,19.7,0,12300.7,-2.2,144,51.436435,-0.258506,True,19,1364,14.4,0
801,19.3,0,12314.5,-2.7,143,51.436465,-0.258313,True,19,1365,14.1,0
802,19.0,0,12328.2,-2.4,143,51.436488,-0.25812,True,19,1366,13.9,0
803,18.6,10,12341.5,-2.5,142,51.43652,-0.257934,True,19,1367,13.8,20
804,18.4,37,12354.5,-4.6,141,51.436583,-0.257778,True,19,1368,13.6,71
805,18.0,37,12367.5,-5.1,141,51.436663,-0.25764,True,19,1369,13.4,0
806,16.6,37,12380.4,-4.8,140,51.436765,-0.25755,True,19,1370,13.2,0
807,16.0,0,12392.5,-4.7,140,51.436866,-0.257486,True,19,1371,12.9,0
808,16.0,0,12404.6,-2.1,139,51.436972,-0.257447,True,19,1372,12.6,0
809,15.7,12,12416.4,-1.1,138,51.437076,-0.257422,True,19,1373,12.4,1
810,15.6,68,12427.7,-1.6,138,51.437177,-0.257403,True,19,1374,12.0,85
811,15.5,69,12438.3,-1.2,137,51.437273,-0.257393,True,19,1375,11.6,85
812,15.3,70,12448.7,-1.2,137,51.437366,-0.257387,True,19,1376,11.2,303
813,15.2,71,12459.4,-0.9,137,51.437462,-0.257387,True,19,1377,11.0,425
814,15.1,71,12470.8,-0.4,137,51.437565,-0.25739,True,19,1378,10.9,604
815,15.1,76,12482.8,-0.4,137,51.437673,-0.25739,True,19,1379,11.0,604
816,15.1,82,12495.3,-0.4,137,51.437785,-0.257385,True,19,1380,11.4,755
817,15.0,83,12507.8,-0.6,138,51.437898,-0.257378,True,19,1381,11.8,722
818,14.9,86,12520.8,-0.8,138,51.438014,-0.25738,True,19,1382,12.3,680
819,14.8,84,12534.2,-0.7,139,51.438134,-0.257387,True,19,1383,12.7,616
820,14.7,91,12547.9,-0.9,140,51.438257,-0.257398,True,19,1384,13.0,530
821,14.6,94,12561.8,-0.9,141,51.438382,-0.257408,True,19,1385,13.3,355
822,14.4,94,12575.8,-0.9,141,51.438508,-0.257414,True,19,1386,13.6,0
823,14.3,94,12589.9,-1.1,142,51.438635,-0.257412,True,19,1387,13.8,0
824,14.2,0,12603.9,-0.9,143,51.438761,-0.257405,True,19,1388,13.9,0
825,14.0,0,12617.5,-1.1,143,51.438882,-0.257383,True,19,1389,13.9,0
826,13.9,0,12630.9,-1.1,143,51.439001,-0.257348,True,19,1390,13.8,0
827,13.7,20,12644.2,-1.3,143,51.439116,-0.257301,True,19,1391,13.7,28
828,13.6,85,12657.3,-1.3,144,51.439228,-0.25724,True,19,1392,13.5,147
829,13.3,86,12670.6,-1.1,144,51.439338,-0.257165,True,19,1393,13.3,320
830,13.2,88,12684.3,-1.3,144,51.439448,-0.257079,True,19,1394,13.4,341
831,13.1,93,12698.4,-1.1,145,51.43956,-0.256982,True,19,1395,13.5,180
832,12.9,93,12712.5,-1.4,144,51.439672,-0.256886,True,19,1396,13.7,74
833,12.7,70,12726.7,-1.6,144,51.439787,-0.2568,True,19,1397,13.9,74
834,12.4,91,12740.7,-1.8,145,51.439906,-0.256732,True,19,1398,14.0,305
835,12.2,90,12754.5,-2.0,144,51.440028,-0.256691,True,19,1399,14.0,146
836,11.9,90,12768.8,-1.8,144,51.440156,-0.256672,True,19,1400,14.1,482
837,11.6,92,12783.0,-1.6,144,51.440284,-0.256664,True,19,1401,14.1,482
838,11.4,92,12797.1,-1.4,144,51.44041,-0.256657,True,19,1402,14.1,544
839,11.3,96,12811.5,-0.9,144,51.440539,-0.256652,True,19,1403,14.2,529
840,11.1,91,12825.9,0.0,144,51.440669,-0.256648,True,19,1404,14.3,476
841,11.1,98,12840.5,0.5,144,51.4408,-0.256646,True,19,1405,14.3,437
842,11.4,96,12855.1,1.2,144,51.440931,-0.256645,True,19,1406,14.4,136
843,11.6,96,12869.8,1.9,144,51.441063,-0.256644,True,19,1407,14.5,119
844,11.8,92,12884.2,2.3,144,51.441192,-0.256635,True,19,1408,14.5,119
845,12.2,94,12898.3,2.8,144,51.441319,-0.256618,True,19,1409,14.5,213
846,12.7,94,12912.6,3.2,145,51.441447,-0.256595,True,19,1410,14.4,262
847,13.2,93,12926.8,3.1,145,51.441573,-0.256562,True,19,1411,14.3,220
848,13.6,95,12941.2,2.8,145,51.441699,-0.256519,True,19,1412,14.3,186
849,14.0,95,12955.7,2.6,145,51.441825,-0.256465,True,19,1413,14.3,77
850,14.3,44,12970.2,2.5,145,51.441952,-0.256413,True,19,1414,14.4,77
851,14.7,44,12984.6,1.6,145,51.442077,-0.256363,True,19,1415,14.4,0
852,15.0,44,12998.3,1.1,145,51.442197,-0.256317,True,19,1416,14.3,0
853,14.9,0,13011.6,0.2,144,51.442315,-0.256282,True,19,1417,14.1,0
854,14.9,0,13025.2,-0.4,144,51.442435,-0.256254,True,19,1418,13.9,0
855,14.8,0,13038.0,-0.2,143,51.44255,-0.256231,True,19,1419,13.6,0
856,14.8,0,13049.0,-0.5,143,51.442648,-0.256218,True,19,1420,12.9,0
857,14.8,0,13059.0,-0.3,142,51.442738,-0.256207,True,19,1421,12.1,0
858,14.7,0,13068.5,-0.3,142,51.442823,-0.256195,True,19,1422,11.4,0
859,14.7,0,13077.3,-0.3,142,51.442902,-0.256184,True,19,1423,10.4,0
860,14.7,6,13085.9,-0.3,141,51.442978,-0.256175,True,19,1424,9.6,14
861,14.7,6,13093.7,-0.3,140,51.443048,-0.256164,True,19,1425,8.9,305
862,14.6,6,13101.4,-0.3,140,51.443118,-0.256153,True,19,1426,8.5,305
863,14.6,68,13109.4,-0.3,140,51.443189,-0.256144,True,19,1427,8.2,305
864,14.6,82,13118.0,0.3,140,51.443266,-0.256133,True,19,1428,8.1,611
865,14.6,90,13127.1,0.5,140,51.443348,-0.256124,True,19,1429,8.2,582
866,14.7,92,13136.9,1.0,140,51.443436,-0.256114,True,19,1430,8.6,518
867,14.8,96,13146.9,1.2,140,51.443525,-0.256108,True,19,1431,9.1,499
868,15.0,90,13157.3,0.7,140,51.443618,-0.256099,True,19,1432,9.6,355
869,15.1,79,13167.7,0.5,140,51.443712,-0.25609,True,19,1433,9.9,307
870,15.0,82,13178.3,0.0,140,51.443807,-0.256082,True,19,1434,10.2,333
871,15.0,82,13188.9,-0.2,141,51.443902,-0.256075,True,19,1435,10.4,308
872,15.0,82,13199.4,0.0,141,51.443997,-0.256074,True,19,1436,10.5,308
873,15.0,83,13210.0,-0.2,141,51.444092,-0.25608,True,19,1437,10.5,299
874,15.0,84,13220.9,-0.2,142,51.44419,-0.256085,True,19,1438,10.6,378
875,14.9,85,13232.1,-0.2,143,51.444291,-0.256086,True,19,1439,10.8,352
876,14.9,83,13243.4,-0.4,143,51.444392,-0.256085,True,19,1440,10.9,312
877,14.9,86,13254.5,-0.2,143,51.444492,-0.256084,True,19,1441,11.0,344
878,14.8,87,13265.8,-0.2,144,51.444594,-0.256089,True,19,1442,11.2,345
879,14.8,86,13277.2,-0.4,144,51.444696,-0.256095,True,19,1443,11.3,319
880,14.8,88,13288.7,-0.2,144,51.444799,-0.256102,True,19,1444,11.3,355
881,14.7,90,13300.4,-0.4,144,51.444905,-0.256105,True,19,1445,11.4,385
882,14.7,93,13312.5,-0.4,145,51.445013,-0.256111,True,19,1446,11.6,335
883,14.6,94,13324.8,-0.2,144,51.445124,-0.256114,True,19,1447,11.8,247
884,14.6,86,13337.0,-0.4,145,51.445233,-0.256122,True,19,1448,12.0,252
885,14.6,90,13349.3,-0.2,145,51.445344,-0.256129,True,19,1449,12.1,276
886,14.5,79,13361.8,-0.4,145,51.445456,-0.25614,True,19,1450,12.3,232
887,14.5,84,13374.5,-0.4,146,51.445569,-0.25615,True,19,1451,12.4,336
888,14.4,83,13387.4,-0.4,146,51.445686,-0.256158,True,19,1452,12.5,303
889,14.4,85,13400.3,-0.4,146,51.445802,-0.256168,True,19,1453,12.7,269
890,14.3,85,13413.3,-0.4,146,51.445918,-0.256182,True,19,1454,12.8,304
891,14.3,85,13426.5,-0.4,146,51.446037,-0.256191,True,19,1455,12.9,307
892,14.2,88,13439.6,-0.4,147,51.446154,-0.256201,True,19,1456,13.0,316
893,14.2,86,13453.0,-0.6,147,51.446274,-0.256214,True,19,1457,13.1,287
894,14.1,88,13466.5,-0.6,147,51.446395,-0.256228,True,19,1458,13.2,296
895,14.0,86,13480.0,-0.7,147,51.446516,-0.256243,True,19,1459,13.3,262
896,13.9,86,13493.5,-0.6,147,51.446637,-0.256257,True,19,1460,13.4,263
897,13.8,89,13507.0,-0.6,148,51.446758,-0.25627,True,19,1461,13.5,261
898,13.8,88,13520.3,-0.6,148,51.446878,-0.256278,True,19,1462,13.5,230
899,13.7,88,13534.0,-0.4,148,51.447001,-0.256281,True,19,1463,13.5,248
900,13.6,89,13547.6,-0.5,148,51.447123,-0.256282,True,19,1464,13.5,248
901,13.6,90,13561.4,-0.5,148,51.447247,-0.256282,True,19,1465,13.6,278
902,13.5,90,13575.2,-0.4,148,51.447371,-0.256278,True,19,1466,13.6,282
903,13.4,89,13588.9,-0.5,148,51.447495,-0.256268,True,19,1467,13.7,231
904,13.4,93,13602.7,-0.5,148,51.447618,-0.256253,True,19,1468,13.7,270
905,13.3,90,13616.6,-0.5,149,51.447742,-0.256233,True,19,1469,13.8,241
906,13.2,90,13630.5,-0.7,148,51.447866,-0.256207,True,19,1470,13.8,259
907,13.1,90,13644.3,-1.8,148,51.447989,-0.256179,True,19,1471,13.8,270
908,13.0,88,13658.2,-3.1,148,51.448112,-0.256149,True,19,1472,13.9,265
909,12.3,92,13672.2,-4.5,149,51.448237,-0.256118,True,19,1473,13.9,291
910,11.5,90,13686.0,-5.6,149,51.448359,-0.256087,True,19,1474,13.9,274
911,10.6,89,13700.0,-5.6,149,51.448483,-0.256052,True,19,1475,13.9,274
912,9.9,90,13713.9,-5.2,149,51.448606,-0.256017,True,19,1476,13.9,241
913,9.2,90,13727.9,-4.5,149,51.44873,-0.255981,True,19,1477,13.9,213
914,8.6,90,13741.8,-4.5,149,51.448852,-0.255942,True,19,1478,13.9,233
915,8.1,91,13755.8,-3.9,149,51.448975,-0.255902,True,19,1479,14.0,244
916,7.4,91,13769.7,-2.9,149,51.449098,-0.255862,True,19,1480,13.9,222
917,7.0,89,13783.6,-2.0,149,51.44922,-0.255822,True,19,1481,13.9,207
918,7.0,89,13797.4,-0.7,150,51.449341,-0.255779,True,19,1482,13.9,222
919,7.0,92,13811.1,0.0,150,51.449461,-0.255735,True,19,1483,13.9,183
920,7.0,93,13824.6,0.2,149,51.44958,-0.255691,True,19,1484,13.8,242
921,7.0,91,13837.8,0.6,149,51.449696,-0.25565,True,19,1485,13.6,234
922,7.1,94,13850.8,1.0,150,51.44981,-0.255608,True,19,1486,13.4,162
923,7.3,92,13863.9,1.5,150,51.449925,-0.255566,True,19,1487,13.3,155
924,7.5,92,13877.0,1.7,150,51.450039,-0.255526,True,19,1488,13.2,223
925,7.8,94,13890.2,2.3,149,51.450156,-0.255491,True,19,1489,13.1,283
926,8.0,94,13903.4,2.8,149,51.450273,-0.255459,True,19,1490,13.1,313
927,8.5,94,13916.7,3.2,150,51.450391,-0.255432,True,19,1491,13.2,323
928,9.0,94,13930.0,3.8,150,51.45051,-0.255406,True,19,1492,13.2,323
929,9.5,92,13943.2,2.6,149,51.450628,-0.255385,True,19,1493,13.2,339
930,10.0,93,13956.4,1.7,150,51.450746,-0.255369,True,19,1494,13.2,356
931,9.9,94,13969.7,0.6,149,51.450866,-0.255358,True,19,1495,13.3,395
932,9.9,94,13983.1,-0.4,150,51.450986,-0.255356,True,19,1496,13.3,351
933,9.8,93,13996.2,-0.4,150,51.451103,-0.255364,True,19,1497,13.2,348
934,9.8,93,14009.1,-0.4,150,51.451219,-0.255379,True,19,1498,13.2,332
935,9.7,93,14022.1,-0.4,150,51.451335,-0.255405,True,19,1499,13.1,332
936,9.7,91,14035.1,-0.4,150,51.451449,-0.255444,True,19,1500,13.1,310
937,9.6,91,14048.3,-0.4,150,51.451563,-0.255492,True,19,1501,13.0,291
938,9.6,91,14061.4,-0.6,150,51.451678,-0.255539,True,19,1502,13.0,279
939,9.5,91,14074.7,-0.6,150,51.451793,-0.255589,True,19,1503,13.1,274
940,9.4,88,14087.6,-0.6,151,51.451905,-0.255638,True,19,1504,13.1,177
941,9.3,92,14100.4,-0.6,150,51.452016,-0.255689,True,19,1505,13.1,110
942,9.3,87,14113.0,-0.6,150,51.452125,-0.255739,True,19,1506,12.9,79
943,9.2,86,14125.5,-0.4,151,51.452232,-0.25579,True,19,1507,12.8,138
944,9.1,86,14137.7,-0.6,150,51.452337,-0.255842,True,19,1508,12.6,185
945,9.1,86,14149.8,-0.4,150,51.45244,-0.255896,True,19,1509,12.4,185
946,9.0,84,14161.9,-0.2,150,51.452543,-0.255952,True,19,1510,12.3,168
947,9.0,83,14173.8,-0.2,151,51.452644,-0.256012,True,19,1511,12.2,207
948,9.0,84,14185.7,-0.2,151,51.452743,-0.256073,True,19,1512,12.0,199
949,9.0,85,14197.5,-0.2,151,51.452841,-0.256139,True,19,1513,12.0,197
950,8.9,90,14209.5,-0.4,150,51.452939,-0.256212,True,19,1514,11.9,67
951,8.9,96,14221.2,-0.2,150,51.453033,-0.256289,True,19,1515,11.9,66
952,8.8,96,14233.0,-0.2,150,51.453126,-0.256369,True,19,1516,11.8,0
953,8.9,96,14244.6,0.0,149,51.453216,-0.256453,True,19,1517,11.8,0
954,8.8,0,14256.1,0.2,149,51.453302,-0.256545,True,19,1518,11.7,0
955,8.9,28,14267.2,0.0,149,51.453381,-0.256643,True,19,1519,11.5,34
956,8.9,28,14278.0,0.2,148,51.453454,-0.256745,True,19,1520,11.4,0
957,8.9,28,14288.4,0.0,148,51.453522,-0.256848,True,19,1521,11.1,0
958,8.9,0,14298.5,0.3,147,51.453584,-0.256954,True,19,1522,10.8,0
959,8.9,0,14308.0,0.3,146,51.453637,-0.257061,True,19,1523,10.4,0
